id_inquilino,variable1,variable2,variable3,variable4,variable5,variable6,variable7,variable8,variable9,variable10,variable11,variable12,variable13,variable14,variable15,variable16,variable17
1,Late morning (9-11 AM),Night (11 PM - 1 AM),Morning,Night (8-10 PM),With a workout,Morning (7-9 AM),Vegan,No,Asian,Arts/Humanities,Reading,With family,Lively,Sometimes,Very tidy,Comfortable,Warm (above 24°C / 75°F)
2,Late morning (9-11 AM),Night (11 PM - 1 AM),Morning,Evening (6-8 PM),With breakfast,Afternoon (1-3 PM),Other,Yes,American,Education,Cooking,In community activities,Lively,Often,Moderately tidy,Comfortable,Cool (below 20°C / 68°F)
3,Late morning (9-11 AM),Early night (9-11 PM),Both,Morning (7-9 AM),With a workout,Early morning (5-7 AM),Vegetarian,Yes,Italian,Arts/Humanities,Cooking,In community activities,Lively,Never,Not very tidy,Neutral,Warm (above 24°C / 75°F)
4,Morning (7-9 AM),Late night (1-3 AM),Evening,Night (8-10 PM),With a workout,Evening (3-6 PM),Vegetarian,Yes,Mediterranean,Business/Economics,Sports,In community activities,Lively,Rarely,Not very tidy,Uncomfortable,Warm (above 24°C / 75°F)
5,Late morning (9-11 AM),Late night (1-3 AM),Occasionally,Early morning (5-7 AM),With a workout,Early morning (5-7 AM),Vegan,Yes,American,Science/Technology,Cooking,Alone,Lively,Often,Moderately tidy,Uncomfortable,Moderate (20-24°C / 68-75°F)
6,Morning (7-9 AM),Late night (1-3 AM),Evening,Evening (6-8 PM),With a workout,Early morning (5-7 AM),Vegetarian,No,American,Business/Economics,Traveling,With family,Lively,Rarely,Moderately tidy,Comfortable,Moderate (20-24°C / 68-75°F)
7,Morning (7-9 AM),Night (11 PM - 1 AM),Occasionally,Evening (6-8 PM),With breakfast,Evening (3-6 PM),Vegan,Yes,Other,Education,Reading,With friends,Lively,Never,Not very tidy,Comfortable,Moderate (20-24°C / 68-75°F)
8,Morning (7-9 AM),Late night (1-3 AM),Occasionally,Early morning (5-7 AM),With a prayer,Early morning (5-7 AM),Other,No,Mediterranean,Business/Economics,Cooking,With family,Lively,Rarely,Not very tidy,Comfortable,Moderate (20-24°C / 68-75°F)
9,Late morning (9-11 AM),Early night (9-11 PM),Both,Night (8-10 PM),With breakfast,Afternoon (1-3 PM),Vegetarian,Yes,Other,Education,Music,In community activities,Lively,Sometimes,Untidy,Comfortable,Warm (above 24°C / 75°F)
10,Early morning (5-7 AM),Early night (9-11 PM),Both,Early morning (5-7 AM),With studying/reading,Early morning (5-7 AM),Vegetarian,Yes,Asian,Business/Economics,Sports,With friends,Lively,Sometimes,Untidy,Comfortable,Warm (above 24°C / 75°F)
11,Afternoon (11 AM - 1 PM),Night (11 PM - 1 AM),Occasionally,Early morning (5-7 AM),With breakfast,Afternoon (1-3 PM),Other,Yes,Asian,Science/Technology,Traveling,Alone,Quiet,Never,Moderately tidy,Neutral,Moderate (20-24°C / 68-75°F)
12,Morning (7-9 AM),Late night (1-3 AM),Morning,Evening (6-8 PM),With breakfast,Morning (7-9 AM),Vegan,Yes,Asian,Arts/Humanities,Music,With friends,Lively,Often,Not very tidy,Comfortable,Moderate (20-24°C / 68-75°F)
13,Morning (7-9 AM),Late night (1-3 AM),Both,Evening (6-8 PM),With breakfast,Afternoon (1-3 PM),Vegetarian,Yes,Asian,Science/Technology,Traveling,With friends,Lively,Sometimes,Untidy,Uncomfortable,Warm (above 24°C / 75°F)
14,Early morning (5-7 AM),Night (11 PM - 1 AM),Evening,Night (8-10 PM),With breakfast,Evening (3-6 PM),Vegetarian,No,Mediterranean,Arts/Humanities,Traveling,In community activities,Lively,Often,Moderately tidy,Neutral,Warm (above 24°C / 75°F)
15,Morning (7-9 AM),Late night (1-3 AM),Occasionally,Night (8-10 PM),With a prayer,Afternoon (1-3 PM),Vegetarian,Yes,Other,Education,Cooking,With friends,Lively,Often,Not very tidy,Comfortable,Moderate (20-24°C / 68-75°F)
16,Late morning (9-11 AM),Early night (9-11 PM),Occasionally,Night (8-10 PM),With a workout,Morning (7-9 AM),Other,No,Asian,Medicine/Health,Reading,With family,Quiet,Rarely,Not very tidy,Uncomfortable,Warm (above 24°C / 75°F)
17,Afternoon (11 AM - 1 PM),Night (11 PM - 1 AM),Both,Night (8-10 PM),With a prayer,Morning (7-9 AM),Other,No,Other,Business/Economics,Music,In community activities,Lively,Often,Not very tidy,Neutral,Warm (above 24°C / 75°F)
18,Early morning (5-7 AM),Night (11 PM - 1 AM),Both,Early morning (5-7 AM),With a workout,Late morning (9-11 AM),Vegan,No,Other,Business/Economics,Reading,With family,Lively,Often,Very tidy,Comfortable,Moderate (20-24°C / 68-75°F)
19,Late morning (9-11 AM),Late night (1-3 AM),Evening,Morning (7-9 AM),With a workout,Late morning (9-11 AM),Vegetarian,No,Other,Medicine/Health,Sports,In community activities,Lively,Rarely,Untidy,Comfortable,Warm (above 24°C / 75°F)
20,Late morning (9-11 AM),Late night (1-3 AM),Evening,Early morning (5-7 AM),With breakfast,Afternoon (1-3 PM),Vegan,Yes,American,Education,Traveling,With family,Quiet,Sometimes,Very tidy,Uncomfortable,Moderate (20-24°C / 68-75°F)
21,Early morning (5-7 AM),Night (11 PM - 1 AM),Occasionally,Evening (6-8 PM),With a prayer,Early morning (5-7 AM),Vegetarian,No,Other,Science/Technology,Cooking,In community activities,Quiet,Often,Very tidy,Neutral,Cool (below 20°C / 68°F)
22,Afternoon (11 AM - 1 PM),Late night (1-3 AM),Morning,Night (8-10 PM),With studying/reading,Morning (7-9 AM),Vegetarian,Yes,Mediterranean,Arts/Humanities,Music,In community activities,Lively,Rarely,Untidy,Comfortable,Cool (below 20°C / 68°F)
23,Early morning (5-7 AM),Night (11 PM - 1 AM),Evening,Evening (6-8 PM),With breakfast,Early morning (5-7 AM),Other,No,American,Medicine/Health,Cooking,Alone,Quiet,Rarely,Untidy,Comfortable,Warm (above 24°C / 75°F)
24,Early morning (5-7 AM),Night (11 PM - 1 AM),Morning,Early morning (5-7 AM),With breakfast,Morning (7-9 AM),Other,Yes,Italian,Arts/Humanities,Sports,With family,Lively,Often,Untidy,Neutral,Moderate (20-24°C / 68-75°F)
25,Early morning (5-7 AM),Late night (1-3 AM),Both,Morning (7-9 AM),With a prayer,Early morning (5-7 AM),Vegan,No,Asian,Medicine/Health,Traveling,With family,Lively,Often,Very tidy,Uncomfortable,Moderate (20-24°C / 68-75°F)
26,Late morning (9-11 AM),Early night (9-11 PM),Occasionally,Early morning (5-7 AM),With breakfast,Early morning (5-7 AM),Vegetarian,Yes,American,Education,Sports,In community activities,Lively,Often,Untidy,Comfortable,Warm (above 24°C / 75°F)
27,Afternoon (11 AM - 1 PM),Night (11 PM - 1 AM),Morning,Evening (6-8 PM),With breakfast,Early morning (5-7 AM),Vegetarian,No,Italian,Education,Music,In community activities,Lively,Rarely,Moderately tidy,Comfortable,Moderate (20-24°C / 68-75°F)
28,Morning (7-9 AM),Early night (9-11 PM),Evening,Morning (7-9 AM),With a workout,Evening (3-6 PM),Vegan,Yes,American,Medicine/Health,Traveling,With friends,Lively,Rarely,Not very tidy,Neutral,Moderate (20-24°C / 68-75°F)
29,Late morning (9-11 AM),Early night (9-11 PM),Occasionally,Night (8-10 PM),With studying/reading,Afternoon (1-3 PM),Other,Yes,American,Arts/Humanities,Traveling,With friends,Quiet,Sometimes,Very tidy,Uncomfortable,Moderate (20-24°C / 68-75°F)
30,Morning (7-9 AM),Night (11 PM - 1 AM),Both,Morning (7-9 AM),With studying/reading,Evening (3-6 PM),Other,Yes,Mediterranean,Education,Sports,With family,Quiet,Never,Moderately tidy,Uncomfortable,Warm (above 24°C / 75°F)
31,Early morning (5-7 AM),Late night (1-3 AM),Both,Early morning (5-7 AM),With a workout,Morning (7-9 AM),Other,No,Italian,Education,Sports,With friends,Lively,Often,Untidy,Uncomfortable,Warm (above 24°C / 75°F)
32,Morning (7-9 AM),Early night (9-11 PM),Evening,Early morning (5-7 AM),With studying/reading,Evening (3-6 PM),Other,No,Other,Education,Music,With friends,Lively,Often,Moderately tidy,Uncomfortable,Cool (below 20°C / 68°F)
33,Late morning (9-11 AM),Early night (9-11 PM),Both,Morning (7-9 AM),With a workout,Early morning (5-7 AM),Other,Yes,Asian,Medicine/Health,Sports,With family,Quiet,Often,Very tidy,Neutral,Warm (above 24°C / 75°F)
34,Afternoon (11 AM - 1 PM),Early night (9-11 PM),Occasionally,Evening (6-8 PM),With a workout,Evening (3-6 PM),Vegan,No,Italian,Education,Traveling,With friends,Quiet,Rarely,Untidy,Neutral,Moderate (20-24°C / 68-75°F)
35,Morning (7-9 AM),Early night (9-11 PM),Morning,Early morning (5-7 AM),With a prayer,Evening (3-6 PM),Vegetarian,No,Asian,Arts/Humanities,Reading,With family,Quiet,Sometimes,Very tidy,Neutral,Warm (above 24°C / 75°F)
36,Early morning (5-7 AM),Night (11 PM - 1 AM),Both,Morning (7-9 AM),With breakfast,Early morning (5-7 AM),Vegan,Yes,American,Medicine/Health,Reading,With friends,Lively,Often,Untidy,Neutral,Moderate (20-24°C / 68-75°F)
37,Late morning (9-11 AM),Early night (9-11 PM),Morning,Evening (6-8 PM),With breakfast,Morning (7-9 AM),Vegan,Yes,Italian,Science/Technology,Cooking,In community activities,Lively,Never,Untidy,Comfortable,Moderate (20-24°C / 68-75°F)
38,Late morning (9-11 AM),Early night (9-11 PM),Evening,Night (8-10 PM),With a prayer,Evening (3-6 PM),Other,Yes,Other,Arts/Humanities,Traveling,With friends,Lively,Often,Moderately tidy,Neutral,Moderate (20-24°C / 68-75°F)
39,Early morning (5-7 AM),Late night (1-3 AM),Both,Morning (7-9 AM),With a workout,Early morning (5-7 AM),Other,Yes,Italian,Science/Technology,Cooking,With family,Quiet,Often,Untidy,Neutral,Moderate (20-24°C / 68-75°F)
40,Afternoon (11 AM - 1 PM),Late night (1-3 AM),Morning,Night (8-10 PM),With a prayer,Late morning (9-11 AM),Vegetarian,Yes,Italian,Medicine/Health,Traveling,In community activities,Lively,Rarely,Not very tidy,Uncomfortable,Cool (below 20°C / 68°F)
41,Late morning (9-11 AM),Night (11 PM - 1 AM),Both,Night (8-10 PM),With breakfast,Morning (7-9 AM),Vegetarian,Yes,Asian,Education,Cooking,With friends,Lively,Rarely,Moderately tidy,Comfortable,Cool (below 20°C / 68°F)
42,Afternoon (11 AM - 1 PM),Late night (1-3 AM),Evening,Evening (6-8 PM),With breakfast,Evening (3-6 PM),Vegetarian,No,Mediterranean,Education,Traveling,Alone,Quiet,Often,Very tidy,Neutral,Cool (below 20°C / 68°F)
43,Morning (7-9 AM),Late night (1-3 AM),Morning,Morning (7-9 AM),With a workout,Afternoon (1-3 PM),Vegan,No,American,Science/Technology,Traveling,Alone,Quiet,Often,Moderately tidy,Comfortable,Cool (below 20°C / 68°F)
44,Early morning (5-7 AM),Late night (1-3 AM),Morning,Morning (7-9 AM),With studying/reading,Evening (3-6 PM),Vegan,No,Asian,Education,Sports,Alone,Lively,Often,Untidy,Neutral,Moderate (20-24°C / 68-75°F)
45,Late morning (9-11 AM),Early night (9-11 PM),Evening,Morning (7-9 AM),With breakfast,Early morning (5-7 AM),Other,No,Mediterranean,Education,Cooking,With friends,Quiet,Rarely,Not very tidy,Comfortable,Moderate (20-24°C / 68-75°F)
46,Early morning (5-7 AM),Early night (9-11 PM),Both,Morning (7-9 AM),With a workout,Early morning (5-7 AM),Vegetarian,Yes,Asian,Education,Music,With family,Quiet,Never,Moderately tidy,Neutral,Warm (above 24°C / 75°F)
47,Early morning (5-7 AM),Late night (1-3 AM),Both,Evening (6-8 PM),With studying/reading,Afternoon (1-3 PM),Vegetarian,No,American,Science/Technology,Traveling,With friends,Lively,Sometimes,Very tidy,Neutral,Cool (below 20°C / 68°F)
48,Morning (7-9 AM),Early night (9-11 PM),Evening,Morning (7-9 AM),With studying/reading,Late morning (9-11 AM),Vegetarian,No,Mediterranean,Science/Technology,Reading,With friends,Quiet,Rarely,Moderately tidy,Neutral,Warm (above 24°C / 75°F)
49,Late morning (9-11 AM),Night (11 PM - 1 AM),Occasionally,Morning (7-9 AM),With studying/reading,Early morning (5-7 AM),Vegan,No,American,Medicine/Health,Reading,With family,Lively,Rarely,Untidy,Uncomfortable,Warm (above 24°C / 75°F)
50,Late morning (9-11 AM),Late night (1-3 AM),Both,Evening (6-8 PM),With studying/reading,Morning (7-9 AM),Vegetarian,No,Italian,Business/Economics,Traveling,With friends,Lively,Often,Not very tidy,Comfortable,Cool (below 20°C / 68°F)
51,Afternoon (11 AM - 1 PM),Late night (1-3 AM),Both,Night (8-10 PM),With a workout,Afternoon (1-3 PM),Vegan,No,Mediterranean,Science/Technology,Cooking,Alone,Quiet,Rarely,Untidy,Neutral,Cool (below 20°C / 68°F)
52,Early morning (5-7 AM),Early night (9-11 PM),Occasionally,Evening (6-8 PM),With a workout,Afternoon (1-3 PM),Other,Yes,Other,Science/Technology,Music,In community activities,Lively,Never,Not very tidy,Neutral,Moderate (20-24°C / 68-75°F)
53,Late morning (9-11 AM),Early night (9-11 PM),Both,Early morning (5-7 AM),With a workout,Morning (7-9 AM),Vegan,Yes,American,Business/Economics,Music,With friends,Lively,Never,Not very tidy,Neutral,Warm (above 24°C / 75°F)
54,Early morning (5-7 AM),Early night (9-11 PM),Both,Evening (6-8 PM),With breakfast,Afternoon (1-3 PM),Vegan,No,American,Education,Cooking,In community activities,Lively,Sometimes,Moderately tidy,Comfortable,Cool (below 20°C / 68°F)
55,Late morning (9-11 AM),Late night (1-3 AM),Occasionally,Early morning (5-7 AM),With breakfast,Early morning (5-7 AM),Other,Yes,Other,Education,Sports,With family,Quiet,Sometimes,Untidy,Neutral,Cool (below 20°C / 68°F)
56,Afternoon (11 AM - 1 PM),Early night (9-11 PM),Evening,Evening (6-8 PM),With a prayer,Morning (7-9 AM),Vegan,No,Mediterranean,Arts/Humanities,Sports,With friends,Quiet,Often,Very tidy,Neutral,Warm (above 24°C / 75°F)
57,Morning (7-9 AM),Late night (1-3 AM),Occasionally,Early morning (5-7 AM),With studying/reading,Late morning (9-11 AM),Vegetarian,No,Other,Business/Economics,Reading,With friends,Lively,Sometimes,Not very tidy,Uncomfortable,Cool (below 20°C / 68°F)
58,Early morning (5-7 AM),Night (11 PM - 1 AM),Evening,Evening (6-8 PM),With breakfast,Afternoon (1-3 PM),Other,No,Asian,Arts/Humanities,Traveling,With friends,Lively,Sometimes,Moderately tidy,Comfortable,Warm (above 24°C / 75°F)
59,Morning (7-9 AM),Early night (9-11 PM),Morning,Evening (6-8 PM),With a workout,Afternoon (1-3 PM),Vegan,Yes,Mediterranean,Business/Economics,Music,With family,Lively,Never,Untidy,Neutral,Warm (above 24°C / 75°F)
60,Early morning (5-7 AM),Night (11 PM - 1 AM),Morning,Morning (7-9 AM),With a prayer,Late morning (9-11 AM),Vegetarian,Yes,Other,Science/Technology,Reading,With friends,Quiet,Rarely,Very tidy,Neutral,Cool (below 20°C / 68°F)
61,Early morning (5-7 AM),Night (11 PM - 1 AM),Both,Evening (6-8 PM),With a prayer,Afternoon (1-3 PM),Vegan,No,Italian,Medicine/Health,Sports,With friends,Lively,Often,Not very tidy,Uncomfortable,Moderate (20-24°C / 68-75°F)
62,Afternoon (11 AM - 1 PM),Late night (1-3 AM),Occasionally,Morning (7-9 AM),With breakfast,Afternoon (1-3 PM),Vegan,Yes,Asian,Medicine/Health,Reading,Alone,Lively,Often,Untidy,Uncomfortable,Warm (above 24°C / 75°F)
63,Afternoon (11 AM - 1 PM),Early night (9-11 PM),Evening,Night (8-10 PM),With a prayer,Afternoon (1-3 PM),Other,No,American,Education,Cooking,With family,Lively,Never,Moderately tidy,Uncomfortable,Moderate (20-24°C / 68-75°F)
64,Late morning (9-11 AM),Late night (1-3 AM),Evening,Evening (6-8 PM),With a prayer,Early morning (5-7 AM),Other,No,Other,Science/Technology,Sports,With family,Quiet,Sometimes,Not very tidy,Comfortable,Moderate (20-24°C / 68-75°F)
65,Early morning (5-7 AM),Early night (9-11 PM),Occasionally,Evening (6-8 PM),With breakfast,Early morning (5-7 AM),Other,Yes,Italian,Education,Cooking,Alone,Lively,Rarely,Moderately tidy,Neutral,Warm (above 24°C / 75°F)
66,Morning (7-9 AM),Early night (9-11 PM),Morning,Night (8-10 PM),With studying/reading,Afternoon (1-3 PM),Other,Yes,Mediterranean,Arts/Humanities,Cooking,In community activities,Lively,Often,Untidy,Comfortable,Moderate (20-24°C / 68-75°F)
67,Early morning (5-7 AM),Late night (1-3 AM),Occasionally,Morning (7-9 AM),With breakfast,Evening (3-6 PM),Vegan,No,Other,Medicine/Health,Cooking,With friends,Lively,Often,Very tidy,Uncomfortable,Moderate (20-24°C / 68-75°F)
68,Early morning (5-7 AM),Early night (9-11 PM),Both,Early morning (5-7 AM),With a prayer,Late morning (9-11 AM),Vegan,No,Mediterranean,Business/Economics,Traveling,With friends,Quiet,Never,Very tidy,Comfortable,Moderate (20-24°C / 68-75°F)
69,Late morning (9-11 AM),Early night (9-11 PM),Evening,Early morning (5-7 AM),With breakfast,Morning (7-9 AM),Vegetarian,Yes,American,Science/Technology,Reading,In community activities,Lively,Sometimes,Very tidy,Uncomfortable,Cool (below 20°C / 68°F)
70,Early morning (5-7 AM),Night (11 PM - 1 AM),Evening,Early morning (5-7 AM),With studying/reading,Evening (3-6 PM),Vegetarian,No,Other,Arts/Humanities,Music,Alone,Quiet,Sometimes,Not very tidy,Neutral,Warm (above 24°C / 75°F)
71,Morning (7-9 AM),Night (11 PM - 1 AM),Occasionally,Night (8-10 PM),With a workout,Afternoon (1-3 PM),Vegan,Yes,Asian,Business/Economics,Sports,Alone,Quiet,Rarely,Very tidy,Neutral,Warm (above 24°C / 75°F)
72,Early morning (5-7 AM),Night (11 PM - 1 AM),Occasionally,Early morning (5-7 AM),With a workout,Evening (3-6 PM),Vegan,Yes,Other,Arts/Humanities,Traveling,With friends,Lively,Sometimes,Not very tidy,Uncomfortable,Warm (above 24°C / 75°F)
73,Late morning (9-11 AM),Late night (1-3 AM),Both,Evening (6-8 PM),With studying/reading,Evening (3-6 PM),Other,Yes,Other,Medicine/Health,Sports,In community activities,Lively,Never,Very tidy,Comfortable,Moderate (20-24°C / 68-75°F)
74,Early morning (5-7 AM),Night (11 PM - 1 AM),Occasionally,Evening (6-8 PM),With a prayer,Late morning (9-11 AM),Vegetarian,Yes,Italian,Business/Economics,Sports,In community activities,Quiet,Rarely,Moderately tidy,Neutral,Moderate (20-24°C / 68-75°F)
75,Late morning (9-11 AM),Early night (9-11 PM),Morning,Morning (7-9 AM),With a prayer,Afternoon (1-3 PM),Vegan,Yes,American,Medicine/Health,Cooking,With friends,Lively,Sometimes,Very tidy,Neutral,Warm (above 24°C / 75°F)
76,Morning (7-9 AM),Night (11 PM - 1 AM),Evening,Evening (6-8 PM),With a workout,Afternoon (1-3 PM),Vegetarian,No,Other,Education,Cooking,In community activities,Lively,Rarely,Not very tidy,Uncomfortable,Moderate (20-24°C / 68-75°F)
77,Afternoon (11 AM - 1 PM),Night (11 PM - 1 AM),Morning,Morning (7-9 AM),With a prayer,Early morning (5-7 AM),Vegetarian,No,Asian,Medicine/Health,Sports,With friends,Quiet,Often,Not very tidy,Comfortable,Warm (above 24°C / 75°F)
78,Late morning (9-11 AM),Early night (9-11 PM),Both,Evening (6-8 PM),With a prayer,Late morning (9-11 AM),Vegetarian,No,Other,Education,Sports,In community activities,Quiet,Sometimes,Moderately tidy,Comfortable,Moderate (20-24°C / 68-75°F)
79,Afternoon (11 AM - 1 PM),Early night (9-11 PM),Both,Early morning (5-7 AM),With a prayer,Late morning (9-11 AM),Vegan,Yes,Asian,Education,Traveling,With family,Quiet,Never,Moderately tidy,Uncomfortable,Cool (below 20°C / 68°F)
80,Afternoon (11 AM - 1 PM),Night (11 PM - 1 AM),Occasionally,Morning (7-9 AM),With breakfast,Evening (3-6 PM),Vegan,Yes,Italian,Arts/Humanities,Traveling,Alone,Quiet,Sometimes,Untidy,Uncomfortable,Moderate (20-24°C / 68-75°F)
81,Morning (7-9 AM),Early night (9-11 PM),Morning,Morning (7-9 AM),With studying/reading,Evening (3-6 PM),Vegetarian,Yes,American,Education,Reading,Alone,Quiet,Sometimes,Very tidy,Comfortable,Cool (below 20°C / 68°F)
82,Morning (7-9 AM),Night (11 PM - 1 AM),Evening,Evening (6-8 PM),With a prayer,Late morning (9-11 AM),Vegetarian,No,Other,Science/Technology,Music,Alone,Quiet,Rarely,Moderately tidy,Comfortable,Moderate (20-24°C / 68-75°F)
83,Late morning (9-11 AM),Late night (1-3 AM),Both,Morning (7-9 AM),With a prayer,Afternoon (1-3 PM),Other,Yes,Asian,Medicine/Health,Traveling,In community activities,Lively,Sometimes,Very tidy,Comfortable,Moderate (20-24°C / 68-75°F)
84,Afternoon (11 AM - 1 PM),Early night (9-11 PM),Evening,Early morning (5-7 AM),With a workout,Late morning (9-11 AM),Vegetarian,No,American,Medicine/Health,Cooking,Alone,Quiet,Rarely,Not very tidy,Neutral,Cool (below 20°C / 68°F)
85,Morning (7-9 AM),Night (11 PM - 1 AM),Evening,Evening (6-8 PM),With a prayer,Early morning (5-7 AM),Vegan,No,Mediterranean,Science/Technology,Cooking,Alone,Lively,Rarely,Not very tidy,Comfortable,Moderate (20-24°C / 68-75°F)
86,Morning (7-9 AM),Night (11 PM - 1 AM),Both,Evening (6-8 PM),With a workout,Evening (3-6 PM),Other,Yes,Italian,Education,Cooking,In community activities,Lively,Often,Moderately tidy,Uncomfortable,Cool (below 20°C / 68°F)
87,Late morning (9-11 AM),Night (11 PM - 1 AM),Occasionally,Evening (6-8 PM),With breakfast,Early morning (5-7 AM),Other,Yes,Asian,Medicine/Health,Music,In community activities,Lively,Rarely,Very tidy,Comfortable,Moderate (20-24°C / 68-75°F)
88,Late morning (9-11 AM),Night (11 PM - 1 AM),Occasionally,Early morning (5-7 AM),With a prayer,Late morning (9-11 AM),Vegetarian,No,Italian,Arts/Humanities,Reading,In community activities,Lively,Never,Untidy,Neutral,Cool (below 20°C / 68°F)
89,Afternoon (11 AM - 1 PM),Night (11 PM - 1 AM),Morning,Evening (6-8 PM),With a workout,Morning (7-9 AM),Other,Yes,American,Arts/Humanities,Reading,With friends,Lively,Never,Not very tidy,Neutral,Warm (above 24°C / 75°F)
90,Early morning (5-7 AM),Night (11 PM - 1 AM),Evening,Night (8-10 PM),With a prayer,Late morning (9-11 AM),Vegan,Yes,Mediterranean,Medicine/Health,Traveling,Alone,Lively,Never,Moderately tidy,Comfortable,Warm (above 24°C / 75°F)
91,Morning (7-9 AM),Late night (1-3 AM),Evening,Night (8-10 PM),With studying/reading,Early morning (5-7 AM),Other,No,Mediterranean,Medicine/Health,Music,Alone,Lively,Sometimes,Untidy,Neutral,Cool (below 20°C / 68°F)
92,Morning (7-9 AM),Night (11 PM - 1 AM),Occasionally,Morning (7-9 AM),With a workout,Early morning (5-7 AM),Other,Yes,Mediterranean,Medicine/Health,Traveling,In community activities,Lively,Rarely,Untidy,Uncomfortable,Moderate (20-24°C / 68-75°F)
93,Early morning (5-7 AM),Early night (9-11 PM),Both,Evening (6-8 PM),With a prayer,Late morning (9-11 AM),Vegetarian,Yes,Mediterranean,Medicine/Health,Reading,In community activities,Quiet,Often,Untidy,Neutral,Cool (below 20°C / 68°F)
94,Morning (7-9 AM),Early night (9-11 PM),Morning,Night (8-10 PM),With breakfast,Late morning (9-11 AM),Vegetarian,No,Italian,Science/Technology,Cooking,Alone,Quiet,Rarely,Not very tidy,Neutral,Cool (below 20°C / 68°F)
95,Afternoon (11 AM - 1 PM),Late night (1-3 AM),Both,Morning (7-9 AM),With breakfast,Evening (3-6 PM),Vegetarian,Yes,Asian,Business/Economics,Sports,Alone,Lively,Sometimes,Very tidy,Uncomfortable,Warm (above 24°C / 75°F)
96,Early morning (5-7 AM),Late night (1-3 AM),Occasionally,Early morning (5-7 AM),With a workout,Evening (3-6 PM),Vegan,Yes,Asian,Science/Technology,Traveling,With family,Quiet,Never,Very tidy,Comfortable,Warm (above 24°C / 75°F)
97,Early morning (5-7 AM),Late night (1-3 AM),Morning,Morning (7-9 AM),With studying/reading,Late morning (9-11 AM),Vegetarian,Yes,Other,Science/Technology,Sports,In community activities,Lively,Never,Very tidy,Uncomfortable,Warm (above 24°C / 75°F)
98,Morning (7-9 AM),Early night (9-11 PM),Both,Early morning (5-7 AM),With a workout,Morning (7-9 AM),Vegan,Yes,Asian,Medicine/Health,Music,With friends,Quiet,Rarely,Untidy,Comfortable,Cool (below 20°C / 68°F)
99,Late morning (9-11 AM),Early night (9-11 PM),Occasionally,Morning (7-9 AM),With a prayer,Evening (3-6 PM),Other,Yes,Other,Science/Technology,Traveling,In community activities,Quiet,Rarely,Moderately tidy,Comfortable,Cool (below 20°C / 68°F)
100,Late morning (9-11 AM),Early night (9-11 PM),Occasionally,Morning (7-9 AM),With breakfast,Afternoon (1-3 PM),Vegetarian,Yes,American,Education,Traveling,With friends,Quiet,Never,Untidy,Neutral,Moderate (20-24°C / 68-75°F)
101,Early morning (5-7 AM),Late night (1-3 AM),Occasionally,Evening (6-8 PM),With a prayer,Late morning (9-11 AM),Other,Yes,Other,Education,Traveling,With friends,Quiet,Sometimes,Not very tidy,Neutral,Cool (below 20°C / 68°F)
102,Afternoon (11 AM - 1 PM),Late night (1-3 AM),Evening,Early morning (5-7 AM),With breakfast,Early morning (5-7 AM),Vegan,No,American,Business/Economics,Reading,With friends,Lively,Sometimes,Very tidy,Neutral,Warm (above 24°C / 75°F)
103,Morning (7-9 AM),Night (11 PM - 1 AM),Evening,Night (8-10 PM),With a prayer,Early morning (5-7 AM),Other,No,American,Arts/Humanities,Reading,Alone,Quiet,Sometimes,Very tidy,Neutral,Warm (above 24°C / 75°F)
104,Early morning (5-7 AM),Late night (1-3 AM),Evening,Night (8-10 PM),With studying/reading,Morning (7-9 AM),Vegetarian,Yes,American,Business/Economics,Reading,With friends,Quiet,Often,Untidy,Uncomfortable,Moderate (20-24°C / 68-75°F)
105,Afternoon (11 AM - 1 PM),Early night (9-11 PM),Occasionally,Morning (7-9 AM),With breakfast,Early morning (5-7 AM),Other,Yes,Mediterranean,Arts/Humanities,Music,With family,Quiet,Never,Moderately tidy,Neutral,Cool (below 20°C / 68°F)
106,Morning (7-9 AM),Early night (9-11 PM),Morning,Morning (7-9 AM),With studying/reading,Afternoon (1-3 PM),Vegan,No,Italian,Business/Economics,Sports,Alone,Quiet,Never,Not very tidy,Neutral,Cool (below 20°C / 68°F)
107,Early morning (5-7 AM),Late night (1-3 AM),Both,Early morning (5-7 AM),With studying/reading,Afternoon (1-3 PM),Other,Yes,Italian,Science/Technology,Cooking,In community activities,Lively,Never,Not very tidy,Uncomfortable,Cool (below 20°C / 68°F)
108,Late morning (9-11 AM),Night (11 PM - 1 AM),Both,Night (8-10 PM),With studying/reading,Late morning (9-11 AM),Vegetarian,No,American,Education,Cooking,Alone,Quiet,Sometimes,Moderately tidy,Comfortable,Moderate (20-24°C / 68-75°F)
109,Late morning (9-11 AM),Night (11 PM - 1 AM),Occasionally,Early morning (5-7 AM),With breakfast,Late morning (9-11 AM),Vegetarian,Yes,Italian,Science/Technology,Music,In community activities,Quiet,Never,Moderately tidy,Neutral,Cool (below 20°C / 68°F)
110,Afternoon (11 AM - 1 PM),Late night (1-3 AM),Morning,Early morning (5-7 AM),With a workout,Afternoon (1-3 PM),Vegetarian,Yes,Asian,Medicine/Health,Music,In community activities,Lively,Never,Not very tidy,Neutral,Cool (below 20°C / 68°F)
111,Afternoon (11 AM - 1 PM),Early night (9-11 PM),Evening,Evening (6-8 PM),With a prayer,Afternoon (1-3 PM),Vegetarian,Yes,Italian,Medicine/Health,Cooking,Alone,Quiet,Never,Moderately tidy,Neutral,Cool (below 20°C / 68°F)
112,Morning (7-9 AM),Early night (9-11 PM),Both,Evening (6-8 PM),With a prayer,Late morning (9-11 AM),Other,No,Mediterranean,Science/Technology,Traveling,Alone,Quiet,Never,Untidy,Neutral,Cool (below 20°C / 68°F)
113,Afternoon (11 AM - 1 PM),Early night (9-11 PM),Evening,Early morning (5-7 AM),With breakfast,Morning (7-9 AM),Vegetarian,Yes,Mediterranean,Education,Sports,With family,Lively,Never,Untidy,Neutral,Cool (below 20°C / 68°F)
114,Late morning (9-11 AM),Early night (9-11 PM),Morning,Morning (7-9 AM),With a prayer,Morning (7-9 AM),Vegan,No,Asian,Medicine/Health,Traveling,In community activities,Lively,Sometimes,Moderately tidy,Comfortable,Moderate (20-24°C / 68-75°F)
115,Early morning (5-7 AM),Early night (9-11 PM),Morning,Night (8-10 PM),With studying/reading,Evening (3-6 PM),Vegetarian,No,Mediterranean,Medicine/Health,Music,With friends,Lively,Rarely,Very tidy,Uncomfortable,Warm (above 24°C / 75°F)
116,Morning (7-9 AM),Late night (1-3 AM),Occasionally,Night (8-10 PM),With a prayer,Morning (7-9 AM),Other,No,American,Education,Sports,In community activities,Lively,Rarely,Moderately tidy,Comfortable,Cool (below 20°C / 68°F)
117,Morning (7-9 AM),Night (11 PM - 1 AM),Morning,Early morning (5-7 AM),With a prayer,Afternoon (1-3 PM),Other,Yes,American,Science/Technology,Reading,In community activities,Lively,Sometimes,Not very tidy,Uncomfortable,Cool (below 20°C / 68°F)
118,Afternoon (11 AM - 1 PM),Early night (9-11 PM),Evening,Evening (6-8 PM),With a workout,Afternoon (1-3 PM),Vegetarian,Yes,Asian,Arts/Humanities,Reading,Alone,Quiet,Sometimes,Moderately tidy,Comfortable,Moderate (20-24°C / 68-75°F)
119,Late morning (9-11 AM),Late night (1-3 AM),Both,Night (8-10 PM),With breakfast,Early morning (5-7 AM),Vegan,Yes,Mediterranean,Education,Sports,In community activities,Quiet,Never,Untidy,Neutral,Warm (above 24°C / 75°F)
120,Morning (7-9 AM),Early night (9-11 PM),Evening,Night (8-10 PM),With breakfast,Late morning (9-11 AM),Vegan,Yes,American,Business/Economics,Cooking,With family,Quiet,Never,Moderately tidy,Uncomfortable,Moderate (20-24°C / 68-75°F)
121,Early morning (5-7 AM),Early night (9-11 PM),Occasionally,Early morning (5-7 AM),With breakfast,Early morning (5-7 AM),Vegetarian,Yes,Mediterranean,Medicine/Health,Cooking,With family,Lively,Rarely,Very tidy,Comfortable,Cool (below 20°C / 68°F)
122,Afternoon (11 AM - 1 PM),Night (11 PM - 1 AM),Occasionally,Night (8-10 PM),With breakfast,Evening (3-6 PM),Vegetarian,Yes,Asian,Education,Traveling,With friends,Quiet,Often,Very tidy,Uncomfortable,Warm (above 24°C / 75°F)
123,Late morning (9-11 AM),Early night (9-11 PM),Both,Night (8-10 PM),With breakfast,Afternoon (1-3 PM),Other,No,American,Education,Music,Alone,Lively,Rarely,Very tidy,Comfortable,Moderate (20-24°C / 68-75°F)
124,Late morning (9-11 AM),Night (11 PM - 1 AM),Evening,Early morning (5-7 AM),With a workout,Evening (3-6 PM),Other,No,American,Science/Technology,Reading,With family,Quiet,Never,Moderately tidy,Comfortable,Warm (above 24°C / 75°F)
125,Late morning (9-11 AM),Early night (9-11 PM),Morning,Night (8-10 PM),With a workout,Afternoon (1-3 PM),Other,No,Asian,Education,Traveling,Alone,Lively,Rarely,Very tidy,Neutral,Moderate (20-24°C / 68-75°F)
126,Morning (7-9 AM),Early night (9-11 PM),Evening,Night (8-10 PM),With a workout,Early morning (5-7 AM),Vegetarian,No,Italian,Education,Traveling,In community activities,Lively,Never,Very tidy,Uncomfortable,Cool (below 20°C / 68°F)
127,Morning (7-9 AM),Early night (9-11 PM),Morning,Night (8-10 PM),With a prayer,Early morning (5-7 AM),Vegan,No,Italian,Business/Economics,Music,With friends,Quiet,Never,Not very tidy,Neutral,Moderate (20-24°C / 68-75°F)
128,Late morning (9-11 AM),Early night (9-11 PM),Both,Morning (7-9 AM),With studying/reading,Evening (3-6 PM),Vegan,Yes,Mediterranean,Medicine/Health,Reading,In community activities,Lively,Rarely,Very tidy,Neutral,Moderate (20-24°C / 68-75°F)
129,Early morning (5-7 AM),Night (11 PM - 1 AM),Occasionally,Evening (6-8 PM),With studying/reading,Evening (3-6 PM),Vegan,Yes,Other,Science/Technology,Music,With family,Quiet,Rarely,Untidy,Neutral,Warm (above 24°C / 75°F)
130,Early morning (5-7 AM),Late night (1-3 AM),Evening,Morning (7-9 AM),With a workout,Morning (7-9 AM),Vegetarian,Yes,Mediterranean,Science/Technology,Traveling,In community activities,Quiet,Sometimes,Moderately tidy,Comfortable,Cool (below 20°C / 68°F)
131,Afternoon (11 AM - 1 PM),Early night (9-11 PM),Morning,Early morning (5-7 AM),With studying/reading,Late morning (9-11 AM),Other,No,Italian,Arts/Humanities,Cooking,With friends,Lively,Sometimes,Untidy,Comfortable,Cool (below 20°C / 68°F)
132,Late morning (9-11 AM),Late night (1-3 AM),Occasionally,Morning (7-9 AM),With a prayer,Evening (3-6 PM),Other,Yes,Mediterranean,Arts/Humanities,Traveling,Alone,Lively,Never,Moderately tidy,Comfortable,Moderate (20-24°C / 68-75°F)
133,Morning (7-9 AM),Night (11 PM - 1 AM),Morning,Early morning (5-7 AM),With a workout,Morning (7-9 AM),Other,Yes,Asian,Education,Music,With friends,Quiet,Never,Very tidy,Uncomfortable,Warm (above 24°C / 75°F)
134,Morning (7-9 AM),Night (11 PM - 1 AM),Both,Night (8-10 PM),With studying/reading,Evening (3-6 PM),Vegan,Yes,American,Business/Economics,Reading,With friends,Lively,Rarely,Untidy,Comfortable,Moderate (20-24°C / 68-75°F)
135,Morning (7-9 AM),Night (11 PM - 1 AM),Evening,Morning (7-9 AM),With breakfast,Early morning (5-7 AM),Other,No,Italian,Science/Technology,Reading,With family,Quiet,Sometimes,Moderately tidy,Neutral,Warm (above 24°C / 75°F)
136,Afternoon (11 AM - 1 PM),Early night (9-11 PM),Evening,Evening (6-8 PM),With a prayer,Evening (3-6 PM),Vegetarian,Yes,American,Business/Economics,Cooking,With family,Quiet,Rarely,Very tidy,Uncomfortable,Moderate (20-24°C / 68-75°F)
137,Morning (7-9 AM),Night (11 PM - 1 AM),Evening,Night (8-10 PM),With a workout,Afternoon (1-3 PM),Vegetarian,No,Asian,Business/Economics,Reading,In community activities,Lively,Rarely,Not very tidy,Uncomfortable,Moderate (20-24°C / 68-75°F)
138,Morning (7-9 AM),Early night (9-11 PM),Evening,Early morning (5-7 AM),With breakfast,Late morning (9-11 AM),Other,No,Asian,Medicine/Health,Music,Alone,Quiet,Rarely,Not very tidy,Neutral,Moderate (20-24°C / 68-75°F)
139,Morning (7-9 AM),Early night (9-11 PM),Morning,Evening (6-8 PM),With studying/reading,Afternoon (1-3 PM),Vegetarian,Yes,Other,Arts/Humanities,Traveling,With friends,Quiet,Never,Very tidy,Comfortable,Cool (below 20°C / 68°F)
140,Late morning (9-11 AM),Early night (9-11 PM),Both,Night (8-10 PM),With a prayer,Late morning (9-11 AM),Vegan,Yes,American,Arts/Humanities,Music,With family,Lively,Sometimes,Not very tidy,Comfortable,Cool (below 20°C / 68°F)
141,Afternoon (11 AM - 1 PM),Early night (9-11 PM),Morning,Early morning (5-7 AM),With a prayer,Evening (3-6 PM),Other,Yes,Other,Medicine/Health,Music,With friends,Quiet,Sometimes,Untidy,Neutral,Warm (above 24°C / 75°F)
142,Afternoon (11 AM - 1 PM),Late night (1-3 AM),Morning,Morning (7-9 AM),With breakfast,Morning (7-9 AM),Vegan,Yes,Mediterranean,Education,Sports,With family,Lively,Rarely,Not very tidy,Uncomfortable,Moderate (20-24°C / 68-75°F)
143,Morning (7-9 AM),Late night (1-3 AM),Morning,Early morning (5-7 AM),With breakfast,Afternoon (1-3 PM),Vegetarian,No,Italian,Business/Economics,Music,In community activities,Quiet,Sometimes,Moderately tidy,Uncomfortable,Cool (below 20°C / 68°F)
144,Early morning (5-7 AM),Late night (1-3 AM),Occasionally,Early morning (5-7 AM),With breakfast,Early morning (5-7 AM),Vegetarian,Yes,Other,Arts/Humanities,Sports,With friends,Lively,Often,Moderately tidy,Neutral,Cool (below 20°C / 68°F)
145,Morning (7-9 AM),Night (11 PM - 1 AM),Both,Early morning (5-7 AM),With a prayer,Early morning (5-7 AM),Vegan,No,Mediterranean,Education,Traveling,With family,Lively,Sometimes,Not very tidy,Comfortable,Cool (below 20°C / 68°F)
146,Morning (7-9 AM),Night (11 PM - 1 AM),Morning,Early morning (5-7 AM),With studying/reading,Early morning (5-7 AM),Vegetarian,No,Asian,Education,Reading,With family,Lively,Often,Moderately tidy,Uncomfortable,Cool (below 20°C / 68°F)
147,Morning (7-9 AM),Night (11 PM - 1 AM),Occasionally,Early morning (5-7 AM),With studying/reading,Morning (7-9 AM),Other,No,Mediterranean,Arts/Humanities,Traveling,In community activities,Quiet,Never,Very tidy,Uncomfortable,Cool (below 20°C / 68°F)
148,Late morning (9-11 AM),Late night (1-3 AM),Evening,Evening (6-8 PM),With breakfast,Early morning (5-7 AM),Other,Yes,American,Education,Sports,Alone,Quiet,Often,Not very tidy,Uncomfortable,Warm (above 24°C / 75°F)
149,Afternoon (11 AM - 1 PM),Late night (1-3 AM),Occasionally,Night (8-10 PM),With breakfast,Late morning (9-11 AM),Other,No,Mediterranean,Arts/Humanities,Cooking,Alone,Quiet,Rarely,Very tidy,Neutral,Cool (below 20°C / 68°F)
150,Morning (7-9 AM),Late night (1-3 AM),Occasionally,Evening (6-8 PM),With a workout,Evening (3-6 PM),Other,Yes,Asian,Business/Economics,Reading,Alone,Quiet,Never,Very tidy,Comfortable,Warm (above 24°C / 75°F)
151,Late morning (9-11 AM),Early night (9-11 PM),Occasionally,Early morning (5-7 AM),With a workout,Early morning (5-7 AM),Other,No,Italian,Medicine/Health,Cooking,With family,Quiet,Rarely,Moderately tidy,Neutral,Moderate (20-24°C / 68-75°F)
152,Morning (7-9 AM),Late night (1-3 AM),Morning,Night (8-10 PM),With breakfast,Afternoon (1-3 PM),Vegetarian,No,Mediterranean,Medicine/Health,Traveling,In community activities,Lively,Sometimes,Untidy,Neutral,Warm (above 24°C / 75°F)
153,Late morning (9-11 AM),Early night (9-11 PM),Both,Night (8-10 PM),With studying/reading,Late morning (9-11 AM),Vegan,Yes,Mediterranean,Medicine/Health,Traveling,With family,Lively,Never,Not very tidy,Neutral,Cool (below 20°C / 68°F)
154,Afternoon (11 AM - 1 PM),Night (11 PM - 1 AM),Occasionally,Morning (7-9 AM),With a prayer,Evening (3-6 PM),Vegan,Yes,Asian,Medicine/Health,Sports,In community activities,Quiet,Never,Moderately tidy,Uncomfortable,Cool (below 20°C / 68°F)
155,Early morning (5-7 AM),Early night (9-11 PM),Occasionally,Morning (7-9 AM),With studying/reading,Late morning (9-11 AM),Vegan,No,American,Education,Music,In community activities,Lively,Often,Untidy,Neutral,Warm (above 24°C / 75°F)
156,Late morning (9-11 AM),Late night (1-3 AM),Evening,Morning (7-9 AM),With breakfast,Afternoon (1-3 PM),Vegetarian,No,Asian,Business/Economics,Reading,Alone,Lively,Often,Moderately tidy,Comfortable,Cool (below 20°C / 68°F)
157,Late morning (9-11 AM),Night (11 PM - 1 AM),Morning,Morning (7-9 AM),With breakfast,Evening (3-6 PM),Other,No,Italian,Science/Technology,Sports,Alone,Quiet,Sometimes,Moderately tidy,Comfortable,Cool (below 20°C / 68°F)
158,Late morning (9-11 AM),Night (11 PM - 1 AM),Morning,Night (8-10 PM),With a workout,Late morning (9-11 AM),Vegan,No,Other,Education,Music,In community activities,Quiet,Never,Very tidy,Uncomfortable,Moderate (20-24°C / 68-75°F)
159,Early morning (5-7 AM),Early night (9-11 PM),Both,Morning (7-9 AM),With breakfast,Late morning (9-11 AM),Vegan,No,Asian,Business/Economics,Reading,In community activities,Quiet,Rarely,Untidy,Neutral,Moderate (20-24°C / 68-75°F)
160,Late morning (9-11 AM),Late night (1-3 AM),Both,Night (8-10 PM),With a prayer,Evening (3-6 PM),Other,No,Asian,Business/Economics,Music,With friends,Quiet,Sometimes,Very tidy,Uncomfortable,Cool (below 20°C / 68°F)
161,Late morning (9-11 AM),Night (11 PM - 1 AM),Evening,Evening (6-8 PM),With studying/reading,Late morning (9-11 AM),Other,Yes,Asian,Arts/Humanities,Traveling,With friends,Quiet,Often,Very tidy,Neutral,Cool (below 20°C / 68°F)
162,Morning (7-9 AM),Night (11 PM - 1 AM),Both,Early morning (5-7 AM),With a prayer,Early morning (5-7 AM),Vegetarian,No,Asian,Business/Economics,Cooking,With friends,Quiet,Rarely,Not very tidy,Neutral,Warm (above 24°C / 75°F)
163,Morning (7-9 AM),Early night (9-11 PM),Morning,Night (8-10 PM),With a prayer,Early morning (5-7 AM),Vegetarian,No,Mediterranean,Medicine/Health,Traveling,In community activities,Lively,Rarely,Moderately tidy,Uncomfortable,Cool (below 20°C / 68°F)
164,Morning (7-9 AM),Night (11 PM - 1 AM),Both,Morning (7-9 AM),With studying/reading,Afternoon (1-3 PM),Vegetarian,Yes,American,Science/Technology,Traveling,In community activities,Quiet,Sometimes,Untidy,Uncomfortable,Warm (above 24°C / 75°F)
165,Late morning (9-11 AM),Night (11 PM - 1 AM),Morning,Night (8-10 PM),With breakfast,Evening (3-6 PM),Vegetarian,Yes,American,Education,Cooking,With family,Lively,Rarely,Untidy,Comfortable,Moderate (20-24°C / 68-75°F)
166,Afternoon (11 AM - 1 PM),Night (11 PM - 1 AM),Occasionally,Night (8-10 PM),With a workout,Evening (3-6 PM),Vegetarian,Yes,Italian,Medicine/Health,Sports,In community activities,Quiet,Never,Very tidy,Neutral,Moderate (20-24°C / 68-75°F)
167,Late morning (9-11 AM),Night (11 PM - 1 AM),Both,Evening (6-8 PM),With a prayer,Afternoon (1-3 PM),Vegan,No,Asian,Education,Music,Alone,Lively,Often,Untidy,Comfortable,Moderate (20-24°C / 68-75°F)
168,Late morning (9-11 AM),Late night (1-3 AM),Both,Night (8-10 PM),With a workout,Late morning (9-11 AM),Other,No,Italian,Medicine/Health,Cooking,Alone,Quiet,Sometimes,Untidy,Uncomfortable,Moderate (20-24°C / 68-75°F)
169,Morning (7-9 AM),Late night (1-3 AM),Evening,Night (8-10 PM),With studying/reading,Evening (3-6 PM),Vegan,Yes,Italian,Medicine/Health,Traveling,With friends,Quiet,Rarely,Untidy,Comfortable,Moderate (20-24°C / 68-75°F)
170,Early morning (5-7 AM),Night (11 PM - 1 AM),Both,Early morning (5-7 AM),With breakfast,Early morning (5-7 AM),Vegetarian,Yes,American,Education,Cooking,Alone,Quiet,Often,Untidy,Neutral,Moderate (20-24°C / 68-75°F)
171,Morning (7-9 AM),Early night (9-11 PM),Evening,Evening (6-8 PM),With a prayer,Afternoon (1-3 PM),Vegetarian,Yes,Mediterranean,Medicine/Health,Traveling,With friends,Lively,Never,Very tidy,Uncomfortable,Cool (below 20°C / 68°F)
172,Afternoon (11 AM - 1 PM),Late night (1-3 AM),Both,Morning (7-9 AM),With a prayer,Late morning (9-11 AM),Vegan,No,Other,Business/Economics,Cooking,Alone,Lively,Rarely,Not very tidy,Neutral,Cool (below 20°C / 68°F)
173,Afternoon (11 AM - 1 PM),Night (11 PM - 1 AM),Morning,Night (8-10 PM),With a prayer,Afternoon (1-3 PM),Other,No,American,Medicine/Health,Cooking,In community activities,Quiet,Never,Moderately tidy,Uncomfortable,Moderate (20-24°C / 68-75°F)
174,Afternoon (11 AM - 1 PM),Late night (1-3 AM),Occasionally,Evening (6-8 PM),With breakfast,Early morning (5-7 AM),Other,Yes,Other,Medicine/Health,Traveling,Alone,Lively,Sometimes,Untidy,Comfortable,Moderate (20-24°C / 68-75°F)
175,Early morning (5-7 AM),Early night (9-11 PM),Evening,Early morning (5-7 AM),With a workout,Afternoon (1-3 PM),Vegetarian,No,Asian,Business/Economics,Sports,In community activities,Lively,Sometimes,Moderately tidy,Uncomfortable,Moderate (20-24°C / 68-75°F)
176,Late morning (9-11 AM),Night (11 PM - 1 AM),Evening,Morning (7-9 AM),With a workout,Early morning (5-7 AM),Vegetarian,Yes,Italian,Education,Traveling,In community activities,Lively,Often,Very tidy,Comfortable,Cool (below 20°C / 68°F)
177,Late morning (9-11 AM),Late night (1-3 AM),Morning,Night (8-10 PM),With a workout,Afternoon (1-3 PM),Vegan,No,Italian,Business/Economics,Sports,With family,Lively,Never,Untidy,Uncomfortable,Moderate (20-24°C / 68-75°F)
178,Afternoon (11 AM - 1 PM),Early night (9-11 PM),Both,Early morning (5-7 AM),With a workout,Afternoon (1-3 PM),Other,No,American,Arts/Humanities,Music,In community activities,Lively,Never,Untidy,Uncomfortable,Moderate (20-24°C / 68-75°F)
179,Afternoon (11 AM - 1 PM),Early night (9-11 PM),Both,Early morning (5-7 AM),With breakfast,Morning (7-9 AM),Vegetarian,Yes,Mediterranean,Business/Economics,Sports,With friends,Lively,Sometimes,Untidy,Comfortable,Cool (below 20°C / 68°F)
180,Morning (7-9 AM),Night (11 PM - 1 AM),Both,Evening (6-8 PM),With breakfast,Late morning (9-11 AM),Vegan,Yes,Other,Science/Technology,Reading,Alone,Quiet,Rarely,Moderately tidy,Comfortable,Warm (above 24°C / 75°F)
181,Afternoon (11 AM - 1 PM),Late night (1-3 AM),Both,Night (8-10 PM),With a workout,Afternoon (1-3 PM),Vegetarian,No,Other,Education,Sports,Alone,Lively,Never,Very tidy,Neutral,Moderate (20-24°C / 68-75°F)
182,Early morning (5-7 AM),Night (11 PM - 1 AM),Occasionally,Morning (7-9 AM),With studying/reading,Evening (3-6 PM),Other,Yes,American,Science/Technology,Cooking,With friends,Quiet,Never,Not very tidy,Neutral,Cool (below 20°C / 68°F)
183,Late morning (9-11 AM),Late night (1-3 AM),Evening,Night (8-10 PM),With a workout,Late morning (9-11 AM),Vegetarian,No,Other,Business/Economics,Cooking,With friends,Quiet,Rarely,Very tidy,Uncomfortable,Moderate (20-24°C / 68-75°F)
184,Early morning (5-7 AM),Late night (1-3 AM),Both,Early morning (5-7 AM),With a workout,Morning (7-9 AM),Other,Yes,Other,Education,Traveling,Alone,Lively,Sometimes,Very tidy,Comfortable,Moderate (20-24°C / 68-75°F)
185,Late morning (9-11 AM),Late night (1-3 AM),Evening,Morning (7-9 AM),With breakfast,Early morning (5-7 AM),Other,Yes,Asian,Medicine/Health,Music,In community activities,Lively,Rarely,Moderately tidy,Uncomfortable,Cool (below 20°C / 68°F)
186,Morning (7-9 AM),Night (11 PM - 1 AM),Evening,Early morning (5-7 AM),With a workout,Late morning (9-11 AM),Vegetarian,No,Asian,Science/Technology,Sports,In community activities,Lively,Sometimes,Moderately tidy,Neutral,Moderate (20-24°C / 68-75°F)
187,Morning (7-9 AM),Early night (9-11 PM),Evening,Morning (7-9 AM),With a workout,Morning (7-9 AM),Other,No,American,Education,Reading,In community activities,Quiet,Sometimes,Not very tidy,Uncomfortable,Cool (below 20°C / 68°F)
188,Early morning (5-7 AM),Early night (9-11 PM),Evening,Early morning (5-7 AM),With a workout,Afternoon (1-3 PM),Other,No,American,Education,Music,With friends,Lively,Sometimes,Not very tidy,Comfortable,Warm (above 24°C / 75°F)
189,Late morning (9-11 AM),Night (11 PM - 1 AM),Morning,Evening (6-8 PM),With breakfast,Morning (7-9 AM),Vegetarian,Yes,American,Business/Economics,Reading,In community activities,Lively,Never,Very tidy,Neutral,Moderate (20-24°C / 68-75°F)
190,Morning (7-9 AM),Night (11 PM - 1 AM),Both,Evening (6-8 PM),With studying/reading,Evening (3-6 PM),Vegetarian,Yes,American,Science/Technology,Cooking,With friends,Lively,Sometimes,Very tidy,Neutral,Warm (above 24°C / 75°F)
191,Afternoon (11 AM - 1 PM),Night (11 PM - 1 AM),Evening,Morning (7-9 AM),With studying/reading,Early morning (5-7 AM),Other,Yes,American,Science/Technology,Traveling,Alone,Quiet,Sometimes,Very tidy,Comfortable,Warm (above 24°C / 75°F)
192,Early morning (5-7 AM),Early night (9-11 PM),Evening,Evening (6-8 PM),With studying/reading,Afternoon (1-3 PM),Other,No,Mediterranean,Arts/Humanities,Traveling,With friends,Quiet,Never,Untidy,Comfortable,Moderate (20-24°C / 68-75°F)
193,Late morning (9-11 AM),Night (11 PM - 1 AM),Occasionally,Evening (6-8 PM),With a prayer,Late morning (9-11 AM),Vegan,No,American,Arts/Humanities,Cooking,With friends,Lively,Sometimes,Very tidy,Neutral,Moderate (20-24°C / 68-75°F)
194,Afternoon (11 AM - 1 PM),Early night (9-11 PM),Morning,Night (8-10 PM),With studying/reading,Early morning (5-7 AM),Vegetarian,Yes,Italian,Medicine/Health,Cooking,With family,Quiet,Never,Moderately tidy,Uncomfortable,Cool (below 20°C / 68°F)
195,Afternoon (11 AM - 1 PM),Early night (9-11 PM),Morning,Evening (6-8 PM),With studying/reading,Morning (7-9 AM),Vegetarian,No,Other,Arts/Humanities,Cooking,With family,Quiet,Sometimes,Very tidy,Neutral,Warm (above 24°C / 75°F)
196,Late morning (9-11 AM),Late night (1-3 AM),Both,Morning (7-9 AM),With studying/reading,Afternoon (1-3 PM),Other,Yes,Other,Medicine/Health,Cooking,With friends,Lively,Never,Untidy,Comfortable,Moderate (20-24°C / 68-75°F)
197,Late morning (9-11 AM),Late night (1-3 AM),Evening,Early morning (5-7 AM),With studying/reading,Early morning (5-7 AM),Other,Yes,Italian,Medicine/Health,Reading,In community activities,Quiet,Often,Not very tidy,Comfortable,Cool (below 20°C / 68°F)
198,Afternoon (11 AM - 1 PM),Late night (1-3 AM),Occasionally,Morning (7-9 AM),With a prayer,Evening (3-6 PM),Other,No,Other,Education,Traveling,Alone,Lively,Sometimes,Moderately tidy,Neutral,Cool (below 20°C / 68°F)
199,Early morning (5-7 AM),Early night (9-11 PM),Morning,Evening (6-8 PM),With a workout,Morning (7-9 AM),Other,Yes,Italian,Education,Cooking,In community activities,Lively,Often,Very tidy,Comfortable,Moderate (20-24°C / 68-75°F)
200,Afternoon (11 AM - 1 PM),Night (11 PM - 1 AM),Both,Morning (7-9 AM),With studying/reading,Afternoon (1-3 PM),Vegan,Yes,Other,Arts/Humanities,Sports,In community activities,Quiet,Never,Moderately tidy,Uncomfortable,Moderate (20-24°C / 68-75°F)
201,Morning (7-9 AM),Early night (9-11 PM),Morning,Night (8-10 PM),With a prayer,Afternoon (1-3 PM),Vegetarian,No,Other,Arts/Humanities,Traveling,In community activities,Lively,Rarely,Very tidy,Comfortable,Cool (below 20°C / 68°F)
202,Morning (7-9 AM),Early night (9-11 PM),Both,Morning (7-9 AM),With studying/reading,Evening (3-6 PM),Vegetarian,Yes,Asian,Medicine/Health,Sports,With friends,Lively,Never,Not very tidy,Uncomfortable,Warm (above 24°C / 75°F)
203,Afternoon (11 AM - 1 PM),Early night (9-11 PM),Both,Evening (6-8 PM),With a prayer,Morning (7-9 AM),Other,Yes,Italian,Education,Music,With friends,Lively,Sometimes,Untidy,Uncomfortable,Moderate (20-24°C / 68-75°F)
204,Early morning (5-7 AM),Early night (9-11 PM),Evening,Night (8-10 PM),With a workout,Early morning (5-7 AM),Vegan,Yes,American,Science/Technology,Sports,In community activities,Quiet,Rarely,Not very tidy,Comfortable,Moderate (20-24°C / 68-75°F)
205,Afternoon (11 AM - 1 PM),Night (11 PM - 1 AM),Evening,Evening (6-8 PM),With a workout,Afternoon (1-3 PM),Vegetarian,Yes,Italian,Business/Economics,Reading,With friends,Quiet,Rarely,Moderately tidy,Neutral,Cool (below 20°C / 68°F)
206,Afternoon (11 AM - 1 PM),Night (11 PM - 1 AM),Both,Morning (7-9 AM),With breakfast,Early morning (5-7 AM),Other,No,Italian,Medicine/Health,Cooking,In community activities,Quiet,Rarely,Untidy,Neutral,Cool (below 20°C / 68°F)
207,Morning (7-9 AM),Late night (1-3 AM),Both,Morning (7-9 AM),With studying/reading,Late morning (9-11 AM),Other,Yes,Italian,Medicine/Health,Cooking,With family,Quiet,Sometimes,Untidy,Neutral,Cool (below 20°C / 68°F)
208,Late morning (9-11 AM),Late night (1-3 AM),Occasionally,Early morning (5-7 AM),With studying/reading,Evening (3-6 PM),Vegan,Yes,Other,Medicine/Health,Sports,With family,Lively,Rarely,Not very tidy,Comfortable,Warm (above 24°C / 75°F)
209,Afternoon (11 AM - 1 PM),Late night (1-3 AM),Evening,Early morning (5-7 AM),With breakfast,Evening (3-6 PM),Other,Yes,Italian,Education,Sports,Alone,Lively,Rarely,Untidy,Neutral,Moderate (20-24°C / 68-75°F)
210,Afternoon (11 AM - 1 PM),Night (11 PM - 1 AM),Both,Night (8-10 PM),With studying/reading,Early morning (5-7 AM),Vegan,Yes,Mediterranean,Science/Technology,Music,In community activities,Lively,Never,Very tidy,Neutral,Warm (above 24°C / 75°F)
211,Afternoon (11 AM - 1 PM),Late night (1-3 AM),Occasionally,Night (8-10 PM),With a workout,Late morning (9-11 AM),Vegan,No,American,Business/Economics,Cooking,With friends,Quiet,Sometimes,Moderately tidy,Neutral,Moderate (20-24°C / 68-75°F)
212,Late morning (9-11 AM),Late night (1-3 AM),Morning,Night (8-10 PM),With studying/reading,Early morning (5-7 AM),Vegan,No,Mediterranean,Science/Technology,Cooking,With family,Quiet,Sometimes,Not very tidy,Neutral,Warm (above 24°C / 75°F)
213,Early morning (5-7 AM),Late night (1-3 AM),Occasionally,Morning (7-9 AM),With breakfast,Evening (3-6 PM),Vegetarian,No,Asian,Medicine/Health,Traveling,With friends,Quiet,Sometimes,Very tidy,Uncomfortable,Warm (above 24°C / 75°F)
214,Afternoon (11 AM - 1 PM),Early night (9-11 PM),Occasionally,Morning (7-9 AM),With a workout,Morning (7-9 AM),Vegetarian,No,Italian,Arts/Humanities,Sports,With friends,Lively,Sometimes,Not very tidy,Comfortable,Cool (below 20°C / 68°F)
215,Afternoon (11 AM - 1 PM),Late night (1-3 AM),Morning,Night (8-10 PM),With breakfast,Afternoon (1-3 PM),Vegetarian,Yes,American,Education,Music,With friends,Lively,Never,Not very tidy,Comfortable,Moderate (20-24°C / 68-75°F)
216,Afternoon (11 AM - 1 PM),Late night (1-3 AM),Both,Morning (7-9 AM),With a prayer,Evening (3-6 PM),Vegan,Yes,American,Science/Technology,Traveling,In community activities,Lively,Often,Not very tidy,Uncomfortable,Cool (below 20°C / 68°F)
217,Morning (7-9 AM),Late night (1-3 AM),Evening,Early morning (5-7 AM),With breakfast,Evening (3-6 PM),Other,Yes,Other,Science/Technology,Reading,In community activities,Lively,Rarely,Very tidy,Neutral,Moderate (20-24°C / 68-75°F)
218,Early morning (5-7 AM),Early night (9-11 PM),Occasionally,Evening (6-8 PM),With studying/reading,Evening (3-6 PM),Vegetarian,Yes,Italian,Education,Cooking,Alone,Quiet,Never,Moderately tidy,Uncomfortable,Cool (below 20°C / 68°F)
219,Morning (7-9 AM),Night (11 PM - 1 AM),Evening,Night (8-10 PM),With studying/reading,Evening (3-6 PM),Vegetarian,Yes,Other,Medicine/Health,Traveling,With friends,Lively,Often,Very tidy,Neutral,Moderate (20-24°C / 68-75°F)
220,Late morning (9-11 AM),Early night (9-11 PM),Morning,Early morning (5-7 AM),With studying/reading,Afternoon (1-3 PM),Vegan,No,Asian,Business/Economics,Cooking,Alone,Lively,Never,Very tidy,Uncomfortable,Cool (below 20°C / 68°F)
221,Afternoon (11 AM - 1 PM),Early night (9-11 PM),Both,Morning (7-9 AM),With breakfast,Afternoon (1-3 PM),Vegetarian,Yes,Other,Arts/Humanities,Traveling,With family,Quiet,Sometimes,Untidy,Uncomfortable,Moderate (20-24°C / 68-75°F)
222,Late morning (9-11 AM),Night (11 PM - 1 AM),Evening,Evening (6-8 PM),With a workout,Early morning (5-7 AM),Vegan,Yes,Other,Education,Reading,With family,Lively,Never,Very tidy,Neutral,Warm (above 24°C / 75°F)
223,Early morning (5-7 AM),Night (11 PM - 1 AM),Evening,Night (8-10 PM),With breakfast,Early morning (5-7 AM),Vegetarian,No,Italian,Science/Technology,Sports,With family,Lively,Sometimes,Not very tidy,Neutral,Cool (below 20°C / 68°F)
224,Late morning (9-11 AM),Late night (1-3 AM),Evening,Early morning (5-7 AM),With a workout,Afternoon (1-3 PM),Vegan,No,Italian,Science/Technology,Sports,With family,Quiet,Often,Untidy,Comfortable,Cool (below 20°C / 68°F)
225,Afternoon (11 AM - 1 PM),Night (11 PM - 1 AM),Both,Evening (6-8 PM),With breakfast,Evening (3-6 PM),Vegan,No,Italian,Education,Sports,Alone,Lively,Rarely,Very tidy,Neutral,Cool (below 20°C / 68°F)
226,Morning (7-9 AM),Early night (9-11 PM),Evening,Night (8-10 PM),With a prayer,Evening (3-6 PM),Vegan,Yes,American,Medicine/Health,Sports,With family,Lively,Sometimes,Very tidy,Uncomfortable,Warm (above 24°C / 75°F)
227,Early morning (5-7 AM),Early night (9-11 PM),Both,Evening (6-8 PM),With breakfast,Early morning (5-7 AM),Vegan,Yes,Mediterranean,Medicine/Health,Cooking,Alone,Quiet,Sometimes,Not very tidy,Comfortable,Cool (below 20°C / 68°F)
228,Early morning (5-7 AM),Early night (9-11 PM),Evening,Early morning (5-7 AM),With a prayer,Evening (3-6 PM),Vegetarian,No,American,Science/Technology,Cooking,Alone,Quiet,Rarely,Very tidy,Comfortable,Warm (above 24°C / 75°F)
229,Morning (7-9 AM),Late night (1-3 AM),Evening,Evening (6-8 PM),With studying/reading,Late morning (9-11 AM),Vegetarian,Yes,Asian,Medicine/Health,Reading,With friends,Lively,Sometimes,Not very tidy,Neutral,Moderate (20-24°C / 68-75°F)
230,Late morning (9-11 AM),Night (11 PM - 1 AM),Occasionally,Early morning (5-7 AM),With a prayer,Afternoon (1-3 PM),Other,Yes,Asian,Education,Traveling,In community activities,Quiet,Sometimes,Not very tidy,Uncomfortable,Cool (below 20°C / 68°F)
231,Early morning (5-7 AM),Late night (1-3 AM),Morning,Night (8-10 PM),With a workout,Late morning (9-11 AM),Vegetarian,Yes,Asian,Arts/Humanities,Traveling,Alone,Quiet,Rarely,Very tidy,Comfortable,Cool (below 20°C / 68°F)
232,Morning (7-9 AM),Early night (9-11 PM),Evening,Morning (7-9 AM),With studying/reading,Early morning (5-7 AM),Other,No,Mediterranean,Arts/Humanities,Reading,Alone,Lively,Sometimes,Not very tidy,Comfortable,Cool (below 20°C / 68°F)
233,Morning (7-9 AM),Night (11 PM - 1 AM),Evening,Night (8-10 PM),With breakfast,Early morning (5-7 AM),Vegetarian,Yes,Italian,Business/Economics,Reading,Alone,Quiet,Often,Very tidy,Uncomfortable,Warm (above 24°C / 75°F)
234,Early morning (5-7 AM),Late night (1-3 AM),Occasionally,Evening (6-8 PM),With a workout,Late morning (9-11 AM),Vegan,No,American,Education,Reading,In community activities,Lively,Often,Very tidy,Neutral,Moderate (20-24°C / 68-75°F)
235,Afternoon (11 AM - 1 PM),Night (11 PM - 1 AM),Morning,Morning (7-9 AM),With a workout,Evening (3-6 PM),Other,No,American,Science/Technology,Music,In community activities,Quiet,Sometimes,Not very tidy,Uncomfortable,Warm (above 24°C / 75°F)
236,Afternoon (11 AM - 1 PM),Late night (1-3 AM),Evening,Morning (7-9 AM),With studying/reading,Afternoon (1-3 PM),Other,No,American,Education,Music,With family,Lively,Often,Moderately tidy,Uncomfortable,Moderate (20-24°C / 68-75°F)
237,Afternoon (11 AM - 1 PM),Night (11 PM - 1 AM),Morning,Night (8-10 PM),With a prayer,Late morning (9-11 AM),Vegan,Yes,Asian,Arts/Humanities,Sports,With friends,Quiet,Never,Untidy,Neutral,Cool (below 20°C / 68°F)
238,Morning (7-9 AM),Late night (1-3 AM),Evening,Evening (6-8 PM),With studying/reading,Morning (7-9 AM),Vegetarian,No,Mediterranean,Arts/Humanities,Reading,Alone,Lively,Often,Very tidy,Comfortable,Cool (below 20°C / 68°F)
239,Afternoon (11 AM - 1 PM),Early night (9-11 PM),Morning,Night (8-10 PM),With a workout,Afternoon (1-3 PM),Vegetarian,Yes,American,Science/Technology,Traveling,In community activities,Lively,Never,Moderately tidy,Uncomfortable,Warm (above 24°C / 75°F)
240,Early morning (5-7 AM),Late night (1-3 AM),Occasionally,Morning (7-9 AM),With a workout,Afternoon (1-3 PM),Vegan,No,American,Medicine/Health,Cooking,With family,Quiet,Never,Very tidy,Uncomfortable,Warm (above 24°C / 75°F)
241,Early morning (5-7 AM),Early night (9-11 PM),Both,Morning (7-9 AM),With studying/reading,Afternoon (1-3 PM),Vegan,Yes,Asian,Medicine/Health,Sports,With friends,Lively,Rarely,Moderately tidy,Neutral,Moderate (20-24°C / 68-75°F)
242,Morning (7-9 AM),Late night (1-3 AM),Morning,Night (8-10 PM),With studying/reading,Afternoon (1-3 PM),Vegan,Yes,Asian,Education,Reading,Alone,Quiet,Never,Untidy,Comfortable,Cool (below 20°C / 68°F)
243,Early morning (5-7 AM),Night (11 PM - 1 AM),Evening,Night (8-10 PM),With breakfast,Afternoon (1-3 PM),Vegan,Yes,American,Business/Economics,Sports,In community activities,Quiet,Sometimes,Very tidy,Uncomfortable,Moderate (20-24°C / 68-75°F)
244,Afternoon (11 AM - 1 PM),Night (11 PM - 1 AM),Evening,Early morning (5-7 AM),With a workout,Afternoon (1-3 PM),Vegan,Yes,Mediterranean,Business/Economics,Cooking,Alone,Lively,Sometimes,Moderately tidy,Neutral,Cool (below 20°C / 68°F)
245,Late morning (9-11 AM),Night (11 PM - 1 AM),Evening,Morning (7-9 AM),With breakfast,Early morning (5-7 AM),Vegan,Yes,Italian,Arts/Humanities,Sports,Alone,Lively,Often,Untidy,Uncomfortable,Moderate (20-24°C / 68-75°F)
246,Early morning (5-7 AM),Early night (9-11 PM),Morning,Morning (7-9 AM),With a prayer,Afternoon (1-3 PM),Vegetarian,Yes,American,Business/Economics,Sports,Alone,Lively,Never,Not very tidy,Neutral,Cool (below 20°C / 68°F)
247,Early morning (5-7 AM),Early night (9-11 PM),Occasionally,Early morning (5-7 AM),With breakfast,Early morning (5-7 AM),Other,Yes,Asian,Business/Economics,Reading,In community activities,Quiet,Never,Untidy,Uncomfortable,Cool (below 20°C / 68°F)
248,Afternoon (11 AM - 1 PM),Early night (9-11 PM),Evening,Morning (7-9 AM),With breakfast,Evening (3-6 PM),Vegan,No,Italian,Science/Technology,Traveling,With family,Lively,Rarely,Not very tidy,Comfortable,Warm (above 24°C / 75°F)
249,Afternoon (11 AM - 1 PM),Early night (9-11 PM),Both,Evening (6-8 PM),With studying/reading,Morning (7-9 AM),Other,No,Asian,Education,Music,With family,Lively,Sometimes,Very tidy,Uncomfortable,Cool (below 20°C / 68°F)
250,Morning (7-9 AM),Night (11 PM - 1 AM),Morning,Night (8-10 PM),With studying/reading,Evening (3-6 PM),Other,Yes,Italian,Arts/Humanities,Sports,With family,Quiet,Rarely,Not very tidy,Uncomfortable,Cool (below 20°C / 68°F)
251,Early morning (5-7 AM),Night (11 PM - 1 AM),Both,Night (8-10 PM),With studying/reading,Early morning (5-7 AM),Other,Yes,Mediterranean,Science/Technology,Reading,With friends,Lively,Never,Untidy,Neutral,Moderate (20-24°C / 68-75°F)
252,Afternoon (11 AM - 1 PM),Night (11 PM - 1 AM),Occasionally,Morning (7-9 AM),With breakfast,Morning (7-9 AM),Vegan,No,Other,Arts/Humanities,Cooking,Alone,Quiet,Rarely,Moderately tidy,Neutral,Cool (below 20°C / 68°F)
253,Morning (7-9 AM),Night (11 PM - 1 AM),Morning,Morning (7-9 AM),With a workout,Morning (7-9 AM),Vegetarian,Yes,Mediterranean,Science/Technology,Cooking,In community activities,Lively,Sometimes,Untidy,Uncomfortable,Moderate (20-24°C / 68-75°F)
254,Early morning (5-7 AM),Night (11 PM - 1 AM),Occasionally,Night (8-10 PM),With a workout,Morning (7-9 AM),Vegan,Yes,Mediterranean,Education,Cooking,With family,Lively,Rarely,Not very tidy,Uncomfortable,Cool (below 20°C / 68°F)
255,Early morning (5-7 AM),Night (11 PM - 1 AM),Morning,Evening (6-8 PM),With studying/reading,Evening (3-6 PM),Vegetarian,Yes,Italian,Medicine/Health,Music,In community activities,Quiet,Often,Very tidy,Uncomfortable,Moderate (20-24°C / 68-75°F)
256,Early morning (5-7 AM),Late night (1-3 AM),Occasionally,Early morning (5-7 AM),With breakfast,Late morning (9-11 AM),Vegetarian,No,Asian,Medicine/Health,Sports,With friends,Lively,Never,Not very tidy,Uncomfortable,Cool (below 20°C / 68°F)
257,Late morning (9-11 AM),Late night (1-3 AM),Morning,Night (8-10 PM),With studying/reading,Early morning (5-7 AM),Vegetarian,No,Mediterranean,Medicine/Health,Traveling,Alone,Lively,Sometimes,Moderately tidy,Neutral,Moderate (20-24°C / 68-75°F)
258,Late morning (9-11 AM),Early night (9-11 PM),Both,Evening (6-8 PM),With breakfast,Early morning (5-7 AM),Other,Yes,Other,Science/Technology,Cooking,Alone,Lively,Sometimes,Moderately tidy,Uncomfortable,Moderate (20-24°C / 68-75°F)
259,Morning (7-9 AM),Early night (9-11 PM),Evening,Night (8-10 PM),With studying/reading,Early morning (5-7 AM),Other,No,Mediterranean,Arts/Humanities,Cooking,With friends,Lively,Never,Untidy,Comfortable,Moderate (20-24°C / 68-75°F)
260,Early morning (5-7 AM),Early night (9-11 PM),Evening,Morning (7-9 AM),With a prayer,Early morning (5-7 AM),Vegetarian,Yes,American,Education,Sports,With family,Lively,Often,Untidy,Uncomfortable,Warm (above 24°C / 75°F)
261,Afternoon (11 AM - 1 PM),Night (11 PM - 1 AM),Both,Night (8-10 PM),With a workout,Evening (3-6 PM),Other,Yes,Italian,Medicine/Health,Reading,With friends,Quiet,Never,Very tidy,Uncomfortable,Moderate (20-24°C / 68-75°F)
262,Morning (7-9 AM),Night (11 PM - 1 AM),Both,Morning (7-9 AM),With studying/reading,Afternoon (1-3 PM),Other,Yes,Other,Education,Traveling,With family,Lively,Often,Moderately tidy,Uncomfortable,Warm (above 24°C / 75°F)
263,Afternoon (11 AM - 1 PM),Early night (9-11 PM),Occasionally,Evening (6-8 PM),With a workout,Evening (3-6 PM),Other,Yes,Mediterranean,Education,Traveling,With friends,Lively,Rarely,Untidy,Neutral,Moderate (20-24°C / 68-75°F)
264,Late morning (9-11 AM),Night (11 PM - 1 AM),Evening,Evening (6-8 PM),With a prayer,Late morning (9-11 AM),Vegan,No,Italian,Medicine/Health,Cooking,Alone,Lively,Sometimes,Moderately tidy,Comfortable,Moderate (20-24°C / 68-75°F)
265,Morning (7-9 AM),Late night (1-3 AM),Both,Morning (7-9 AM),With studying/reading,Evening (3-6 PM),Other,Yes,Other,Education,Music,With family,Lively,Often,Untidy,Comfortable,Warm (above 24°C / 75°F)
266,Late morning (9-11 AM),Early night (9-11 PM),Morning,Evening (6-8 PM),With breakfast,Late morning (9-11 AM),Other,Yes,Mediterranean,Medicine/Health,Reading,With friends,Lively,Rarely,Moderately tidy,Uncomfortable,Moderate (20-24°C / 68-75°F)
267,Morning (7-9 AM),Early night (9-11 PM),Occasionally,Morning (7-9 AM),With a workout,Early morning (5-7 AM),Other,Yes,Asian,Science/Technology,Sports,With family,Lively,Sometimes,Moderately tidy,Neutral,Moderate (20-24°C / 68-75°F)
268,Late morning (9-11 AM),Night (11 PM - 1 AM),Morning,Morning (7-9 AM),With studying/reading,Late morning (9-11 AM),Vegan,Yes,Other,Medicine/Health,Music,With family,Lively,Rarely,Not very tidy,Uncomfortable,Cool (below 20°C / 68°F)
269,Early morning (5-7 AM),Night (11 PM - 1 AM),Both,Morning (7-9 AM),With a workout,Afternoon (1-3 PM),Vegan,No,Asian,Medicine/Health,Sports,With family,Lively,Rarely,Moderately tidy,Uncomfortable,Cool (below 20°C / 68°F)
270,Early morning (5-7 AM),Early night (9-11 PM),Morning,Night (8-10 PM),With breakfast,Evening (3-6 PM),Vegan,No,American,Education,Traveling,With family,Lively,Rarely,Not very tidy,Comfortable,Warm (above 24°C / 75°F)
271,Early morning (5-7 AM),Night (11 PM - 1 AM),Both,Night (8-10 PM),With studying/reading,Early morning (5-7 AM),Other,No,Other,Medicine/Health,Reading,In community activities,Lively,Never,Not very tidy,Uncomfortable,Cool (below 20°C / 68°F)
272,Early morning (5-7 AM),Late night (1-3 AM),Morning,Morning (7-9 AM),With breakfast,Evening (3-6 PM),Other,No,Asian,Medicine/Health,Music,In community activities,Lively,Often,Not very tidy,Uncomfortable,Cool (below 20°C / 68°F)
273,Late morning (9-11 AM),Early night (9-11 PM),Evening,Night (8-10 PM),With a prayer,Afternoon (1-3 PM),Vegan,No,American,Business/Economics,Music,Alone,Lively,Never,Very tidy,Comfortable,Moderate (20-24°C / 68-75°F)
274,Morning (7-9 AM),Early night (9-11 PM),Evening,Evening (6-8 PM),With a workout,Morning (7-9 AM),Vegan,Yes,American,Education,Sports,With friends,Quiet,Rarely,Moderately tidy,Uncomfortable,Moderate (20-24°C / 68-75°F)
275,Early morning (5-7 AM),Night (11 PM - 1 AM),Evening,Early morning (5-7 AM),With breakfast,Late morning (9-11 AM),Vegetarian,No,American,Business/Economics,Sports,With family,Lively,Rarely,Untidy,Uncomfortable,Cool (below 20°C / 68°F)
276,Morning (7-9 AM),Late night (1-3 AM),Morning,Early morning (5-7 AM),With breakfast,Late morning (9-11 AM),Vegetarian,No,Asian,Education,Sports,In community activities,Lively,Often,Moderately tidy,Neutral,Cool (below 20°C / 68°F)
277,Early morning (5-7 AM),Night (11 PM - 1 AM),Both,Morning (7-9 AM),With studying/reading,Late morning (9-11 AM),Vegetarian,Yes,Other,Medicine/Health,Reading,With family,Quiet,Never,Not very tidy,Uncomfortable,Warm (above 24°C / 75°F)
278,Late morning (9-11 AM),Night (11 PM - 1 AM),Occasionally,Evening (6-8 PM),With studying/reading,Evening (3-6 PM),Other,Yes,American,Science/Technology,Reading,With family,Lively,Often,Moderately tidy,Neutral,Cool (below 20°C / 68°F)
279,Late morning (9-11 AM),Late night (1-3 AM),Morning,Night (8-10 PM),With a prayer,Early morning (5-7 AM),Vegetarian,Yes,Italian,Science/Technology,Music,With family,Lively,Sometimes,Untidy,Comfortable,Warm (above 24°C / 75°F)
280,Early morning (5-7 AM),Late night (1-3 AM),Occasionally,Early morning (5-7 AM),With a prayer,Early morning (5-7 AM),Vegan,No,Mediterranean,Medicine/Health,Sports,In community activities,Quiet,Sometimes,Untidy,Comfortable,Cool (below 20°C / 68°F)
281,Afternoon (11 AM - 1 PM),Early night (9-11 PM),Morning,Early morning (5-7 AM),With breakfast,Morning (7-9 AM),Vegan,Yes,Mediterranean,Medicine/Health,Traveling,In community activities,Lively,Rarely,Not very tidy,Comfortable,Warm (above 24°C / 75°F)
282,Morning (7-9 AM),Night (11 PM - 1 AM),Both,Early morning (5-7 AM),With a workout,Early morning (5-7 AM),Vegan,Yes,American,Medicine/Health,Cooking,In community activities,Quiet,Often,Moderately tidy,Neutral,Cool (below 20°C / 68°F)
283,Late morning (9-11 AM),Late night (1-3 AM),Both,Early morning (5-7 AM),With a workout,Afternoon (1-3 PM),Vegan,Yes,Mediterranean,Business/Economics,Sports,With friends,Lively,Sometimes,Not very tidy,Comfortable,Warm (above 24°C / 75°F)
284,Early morning (5-7 AM),Late night (1-3 AM),Occasionally,Morning (7-9 AM),With a prayer,Morning (7-9 AM),Vegetarian,Yes,Other,Arts/Humanities,Traveling,Alone,Lively,Sometimes,Untidy,Neutral,Warm (above 24°C / 75°F)
285,Late morning (9-11 AM),Late night (1-3 AM),Morning,Evening (6-8 PM),With a workout,Early morning (5-7 AM),Other,Yes,Mediterranean,Education,Traveling,In community activities,Quiet,Often,Not very tidy,Neutral,Cool (below 20°C / 68°F)
286,Morning (7-9 AM),Late night (1-3 AM),Occasionally,Early morning (5-7 AM),With breakfast,Evening (3-6 PM),Other,Yes,American,Medicine/Health,Traveling,Alone,Lively,Often,Moderately tidy,Neutral,Cool (below 20°C / 68°F)
287,Afternoon (11 AM - 1 PM),Night (11 PM - 1 AM),Morning,Early morning (5-7 AM),With a workout,Afternoon (1-3 PM),Vegetarian,Yes,American,Business/Economics,Music,With friends,Quiet,Rarely,Very tidy,Comfortable,Warm (above 24°C / 75°F)
288,Afternoon (11 AM - 1 PM),Late night (1-3 AM),Morning,Morning (7-9 AM),With a prayer,Late morning (9-11 AM),Vegetarian,Yes,Mediterranean,Business/Economics,Cooking,In community activities,Quiet,Sometimes,Not very tidy,Neutral,Moderate (20-24°C / 68-75°F)
289,Early morning (5-7 AM),Late night (1-3 AM),Occasionally,Early morning (5-7 AM),With breakfast,Afternoon (1-3 PM),Vegetarian,No,Asian,Medicine/Health,Traveling,Alone,Quiet,Rarely,Not very tidy,Comfortable,Moderate (20-24°C / 68-75°F)
290,Afternoon (11 AM - 1 PM),Late night (1-3 AM),Occasionally,Morning (7-9 AM),With breakfast,Evening (3-6 PM),Vegan,Yes,Mediterranean,Science/Technology,Traveling,With friends,Quiet,Never,Moderately tidy,Comfortable,Cool (below 20°C / 68°F)
291,Early morning (5-7 AM),Night (11 PM - 1 AM),Both,Evening (6-8 PM),With studying/reading,Evening (3-6 PM),Other,No,Mediterranean,Science/Technology,Music,With family,Lively,Sometimes,Not very tidy,Uncomfortable,Warm (above 24°C / 75°F)
292,Early morning (5-7 AM),Late night (1-3 AM),Morning,Early morning (5-7 AM),With a workout,Morning (7-9 AM),Vegetarian,Yes,American,Arts/Humanities,Cooking,With family,Quiet,Sometimes,Moderately tidy,Comfortable,Warm (above 24°C / 75°F)
293,Early morning (5-7 AM),Night (11 PM - 1 AM),Evening,Early morning (5-7 AM),With a workout,Late morning (9-11 AM),Vegan,No,Other,Arts/Humanities,Cooking,With family,Quiet,Never,Very tidy,Neutral,Cool (below 20°C / 68°F)
294,Early morning (5-7 AM),Night (11 PM - 1 AM),Both,Evening (6-8 PM),With studying/reading,Morning (7-9 AM),Other,No,Other,Education,Traveling,In community activities,Quiet,Often,Untidy,Uncomfortable,Warm (above 24°C / 75°F)
295,Late morning (9-11 AM),Night (11 PM - 1 AM),Occasionally,Morning (7-9 AM),With breakfast,Evening (3-6 PM),Vegetarian,No,Asian,Education,Music,With family,Quiet,Often,Very tidy,Neutral,Warm (above 24°C / 75°F)
296,Morning (7-9 AM),Late night (1-3 AM),Both,Early morning (5-7 AM),With studying/reading,Early morning (5-7 AM),Vegan,Yes,Italian,Business/Economics,Sports,With family,Lively,Sometimes,Not very tidy,Comfortable,Moderate (20-24°C / 68-75°F)
297,Morning (7-9 AM),Early night (9-11 PM),Morning,Night (8-10 PM),With studying/reading,Late morning (9-11 AM),Other,Yes,Mediterranean,Education,Reading,Alone,Lively,Rarely,Very tidy,Neutral,Warm (above 24°C / 75°F)
298,Morning (7-9 AM),Early night (9-11 PM),Evening,Evening (6-8 PM),With breakfast,Afternoon (1-3 PM),Other,No,American,Medicine/Health,Music,Alone,Quiet,Rarely,Not very tidy,Neutral,Cool (below 20°C / 68°F)
299,Late morning (9-11 AM),Night (11 PM - 1 AM),Both,Night (8-10 PM),With a prayer,Morning (7-9 AM),Other,Yes,Asian,Medicine/Health,Reading,With family,Quiet,Often,Very tidy,Uncomfortable,Warm (above 24°C / 75°F)
300,Early morning (5-7 AM),Night (11 PM - 1 AM),Evening,Morning (7-9 AM),With breakfast,Evening (3-6 PM),Vegetarian,No,American,Education,Cooking,With family,Lively,Never,Not very tidy,Uncomfortable,Warm (above 24°C / 75°F)
301,Morning (7-9 AM),Late night (1-3 AM),Morning,Night (8-10 PM),With breakfast,Evening (3-6 PM),Vegetarian,Yes,Asian,Medicine/Health,Cooking,In community activities,Lively,Sometimes,Not very tidy,Neutral,Warm (above 24°C / 75°F)
302,Morning (7-9 AM),Night (11 PM - 1 AM),Occasionally,Morning (7-9 AM),With a workout,Early morning (5-7 AM),Vegetarian,No,Italian,Education,Sports,Alone,Lively,Often,Not very tidy,Uncomfortable,Cool (below 20°C / 68°F)
303,Early morning (5-7 AM),Late night (1-3 AM),Evening,Night (8-10 PM),With breakfast,Morning (7-9 AM),Other,No,Mediterranean,Science/Technology,Music,With friends,Quiet,Rarely,Untidy,Comfortable,Warm (above 24°C / 75°F)
304,Morning (7-9 AM),Night (11 PM - 1 AM),Evening,Evening (6-8 PM),With a workout,Afternoon (1-3 PM),Other,Yes,Italian,Business/Economics,Reading,Alone,Lively,Sometimes,Untidy,Neutral,Moderate (20-24°C / 68-75°F)
305,Early morning (5-7 AM),Late night (1-3 AM),Occasionally,Morning (7-9 AM),With studying/reading,Morning (7-9 AM),Vegetarian,Yes,Italian,Science/Technology,Traveling,With family,Lively,Often,Moderately tidy,Comfortable,Moderate (20-24°C / 68-75°F)
306,Early morning (5-7 AM),Night (11 PM - 1 AM),Evening,Early morning (5-7 AM),With breakfast,Evening (3-6 PM),Other,No,Italian,Science/Technology,Sports,With family,Lively,Never,Moderately tidy,Uncomfortable,Warm (above 24°C / 75°F)
307,Morning (7-9 AM),Early night (9-11 PM),Occasionally,Evening (6-8 PM),With studying/reading,Late morning (9-11 AM),Vegan,No,American,Education,Sports,Alone,Lively,Rarely,Untidy,Neutral,Warm (above 24°C / 75°F)
308,Late morning (9-11 AM),Night (11 PM - 1 AM),Morning,Morning (7-9 AM),With a prayer,Early morning (5-7 AM),Other,Yes,Asian,Education,Traveling,With friends,Lively,Rarely,Moderately tidy,Comfortable,Warm (above 24°C / 75°F)
309,Early morning (5-7 AM),Night (11 PM - 1 AM),Morning,Evening (6-8 PM),With a workout,Evening (3-6 PM),Vegetarian,No,American,Science/Technology,Sports,Alone,Lively,Sometimes,Not very tidy,Comfortable,Warm (above 24°C / 75°F)
310,Late morning (9-11 AM),Late night (1-3 AM),Both,Night (8-10 PM),With a workout,Afternoon (1-3 PM),Other,No,Other,Science/Technology,Reading,With family,Lively,Sometimes,Very tidy,Uncomfortable,Cool (below 20°C / 68°F)
311,Afternoon (11 AM - 1 PM),Late night (1-3 AM),Occasionally,Early morning (5-7 AM),With breakfast,Evening (3-6 PM),Other,No,American,Business/Economics,Cooking,Alone,Quiet,Rarely,Moderately tidy,Uncomfortable,Warm (above 24°C / 75°F)
312,Early morning (5-7 AM),Early night (9-11 PM),Morning,Night (8-10 PM),With a prayer,Morning (7-9 AM),Vegan,Yes,Mediterranean,Medicine/Health,Cooking,Alone,Quiet,Never,Very tidy,Comfortable,Cool (below 20°C / 68°F)
313,Morning (7-9 AM),Early night (9-11 PM),Occasionally,Early morning (5-7 AM),With a workout,Afternoon (1-3 PM),Vegetarian,No,Asian,Business/Economics,Reading,Alone,Quiet,Often,Untidy,Uncomfortable,Warm (above 24°C / 75°F)
314,Early morning (5-7 AM),Early night (9-11 PM),Evening,Early morning (5-7 AM),With breakfast,Morning (7-9 AM),Vegetarian,No,Other,Science/Technology,Cooking,With friends,Quiet,Often,Very tidy,Comfortable,Moderate (20-24°C / 68-75°F)
315,Afternoon (11 AM - 1 PM),Night (11 PM - 1 AM),Occasionally,Evening (6-8 PM),With a workout,Late morning (9-11 AM),Vegetarian,No,Asian,Science/Technology,Sports,With family,Quiet,Never,Untidy,Comfortable,Warm (above 24°C / 75°F)
316,Morning (7-9 AM),Late night (1-3 AM),Morning,Early morning (5-7 AM),With studying/reading,Early morning (5-7 AM),Vegan,No,Other,Education,Cooking,Alone,Quiet,Rarely,Untidy,Uncomfortable,Warm (above 24°C / 75°F)
317,Morning (7-9 AM),Late night (1-3 AM),Morning,Night (8-10 PM),With a workout,Early morning (5-7 AM),Vegetarian,Yes,Mediterranean,Medicine/Health,Music,With friends,Lively,Sometimes,Moderately tidy,Uncomfortable,Moderate (20-24°C / 68-75°F)
318,Morning (7-9 AM),Early night (9-11 PM),Evening,Night (8-10 PM),With a workout,Morning (7-9 AM),Vegan,No,Asian,Science/Technology,Sports,With family,Quiet,Rarely,Very tidy,Uncomfortable,Moderate (20-24°C / 68-75°F)
319,Late morning (9-11 AM),Night (11 PM - 1 AM),Morning,Night (8-10 PM),With a workout,Morning (7-9 AM),Other,No,Asian,Medicine/Health,Traveling,With friends,Lively,Rarely,Very tidy,Uncomfortable,Moderate (20-24°C / 68-75°F)
320,Early morning (5-7 AM),Late night (1-3 AM),Evening,Morning (7-9 AM),With a prayer,Late morning (9-11 AM),Vegetarian,No,Other,Business/Economics,Sports,With friends,Lively,Rarely,Not very tidy,Comfortable,Cool (below 20°C / 68°F)
321,Early morning (5-7 AM),Late night (1-3 AM),Both,Early morning (5-7 AM),With a prayer,Early morning (5-7 AM),Vegan,No,Asian,Science/Technology,Cooking,Alone,Lively,Never,Very tidy,Comfortable,Moderate (20-24°C / 68-75°F)
322,Afternoon (11 AM - 1 PM),Late night (1-3 AM),Both,Morning (7-9 AM),With breakfast,Early morning (5-7 AM),Other,Yes,Mediterranean,Education,Sports,With family,Lively,Rarely,Moderately tidy,Comfortable,Warm (above 24°C / 75°F)
323,Early morning (5-7 AM),Early night (9-11 PM),Morning,Evening (6-8 PM),With studying/reading,Morning (7-9 AM),Other,No,Italian,Education,Music,With family,Lively,Never,Moderately tidy,Uncomfortable,Cool (below 20°C / 68°F)
324,Early morning (5-7 AM),Late night (1-3 AM),Occasionally,Early morning (5-7 AM),With breakfast,Morning (7-9 AM),Other,Yes,Mediterranean,Science/Technology,Traveling,Alone,Quiet,Often,Very tidy,Comfortable,Cool (below 20°C / 68°F)
325,Afternoon (11 AM - 1 PM),Late night (1-3 AM),Both,Early morning (5-7 AM),With a prayer,Early morning (5-7 AM),Other,No,Mediterranean,Arts/Humanities,Cooking,Alone,Quiet,Rarely,Not very tidy,Neutral,Moderate (20-24°C / 68-75°F)
326,Late morning (9-11 AM),Early night (9-11 PM),Occasionally,Night (8-10 PM),With breakfast,Early morning (5-7 AM),Vegetarian,Yes,Asian,Medicine/Health,Music,In community activities,Quiet,Often,Very tidy,Uncomfortable,Warm (above 24°C / 75°F)
327,Early morning (5-7 AM),Night (11 PM - 1 AM),Morning,Early morning (5-7 AM),With a prayer,Late morning (9-11 AM),Vegetarian,No,Asian,Business/Economics,Sports,With family,Quiet,Often,Moderately tidy,Comfortable,Moderate (20-24°C / 68-75°F)
328,Morning (7-9 AM),Late night (1-3 AM),Occasionally,Early morning (5-7 AM),With a prayer,Morning (7-9 AM),Vegetarian,No,Other,Arts/Humanities,Sports,Alone,Quiet,Never,Not very tidy,Neutral,Warm (above 24°C / 75°F)
329,Early morning (5-7 AM),Late night (1-3 AM),Evening,Early morning (5-7 AM),With a workout,Late morning (9-11 AM),Vegan,Yes,Italian,Arts/Humanities,Sports,In community activities,Lively,Never,Not very tidy,Comfortable,Cool (below 20°C / 68°F)
330,Morning (7-9 AM),Early night (9-11 PM),Evening,Night (8-10 PM),With breakfast,Late morning (9-11 AM),Vegetarian,Yes,Other,Arts/Humanities,Music,Alone,Quiet,Never,Untidy,Uncomfortable,Cool (below 20°C / 68°F)
331,Afternoon (11 AM - 1 PM),Night (11 PM - 1 AM),Morning,Early morning (5-7 AM),With a prayer,Early morning (5-7 AM),Vegetarian,No,Asian,Business/Economics,Sports,Alone,Lively,Rarely,Untidy,Neutral,Moderate (20-24°C / 68-75°F)
332,Morning (7-9 AM),Early night (9-11 PM),Morning,Night (8-10 PM),With a prayer,Evening (3-6 PM),Vegetarian,Yes,American,Arts/Humanities,Cooking,With friends,Quiet,Rarely,Not very tidy,Neutral,Warm (above 24°C / 75°F)
333,Early morning (5-7 AM),Early night (9-11 PM),Occasionally,Early morning (5-7 AM),With breakfast,Early morning (5-7 AM),Vegan,Yes,Other,Science/Technology,Music,Alone,Quiet,Often,Not very tidy,Neutral,Moderate (20-24°C / 68-75°F)
334,Early morning (5-7 AM),Late night (1-3 AM),Morning,Early morning (5-7 AM),With studying/reading,Afternoon (1-3 PM),Vegetarian,Yes,Other,Arts/Humanities,Cooking,In community activities,Quiet,Never,Very tidy,Comfortable,Cool (below 20°C / 68°F)
335,Early morning (5-7 AM),Late night (1-3 AM),Both,Early morning (5-7 AM),With a workout,Late morning (9-11 AM),Other,No,Italian,Business/Economics,Reading,With friends,Lively,Sometimes,Very tidy,Neutral,Moderate (20-24°C / 68-75°F)
336,Early morning (5-7 AM),Early night (9-11 PM),Occasionally,Night (8-10 PM),With breakfast,Late morning (9-11 AM),Other,No,Italian,Science/Technology,Traveling,In community activities,Quiet,Never,Very tidy,Uncomfortable,Moderate (20-24°C / 68-75°F)
337,Afternoon (11 AM - 1 PM),Early night (9-11 PM),Evening,Evening (6-8 PM),With a prayer,Early morning (5-7 AM),Other,No,Mediterranean,Business/Economics,Cooking,With family,Lively,Often,Moderately tidy,Uncomfortable,Warm (above 24°C / 75°F)
338,Late morning (9-11 AM),Early night (9-11 PM),Both,Evening (6-8 PM),With a workout,Morning (7-9 AM),Vegan,No,American,Medicine/Health,Reading,Alone,Lively,Sometimes,Moderately tidy,Comfortable,Cool (below 20°C / 68°F)
339,Early morning (5-7 AM),Late night (1-3 AM),Both,Evening (6-8 PM),With breakfast,Morning (7-9 AM),Vegan,No,Italian,Business/Economics,Music,Alone,Lively,Never,Very tidy,Neutral,Cool (below 20°C / 68°F)
340,Early morning (5-7 AM),Night (11 PM - 1 AM),Both,Early morning (5-7 AM),With studying/reading,Evening (3-6 PM),Other,No,Italian,Medicine/Health,Music,In community activities,Lively,Never,Untidy,Neutral,Warm (above 24°C / 75°F)
341,Early morning (5-7 AM),Late night (1-3 AM),Both,Morning (7-9 AM),With breakfast,Early morning (5-7 AM),Other,Yes,Mediterranean,Medicine/Health,Reading,In community activities,Quiet,Sometimes,Not very tidy,Comfortable,Cool (below 20°C / 68°F)
342,Morning (7-9 AM),Late night (1-3 AM),Occasionally,Morning (7-9 AM),With a workout,Late morning (9-11 AM),Vegetarian,No,American,Science/Technology,Music,With friends,Lively,Often,Not very tidy,Uncomfortable,Warm (above 24°C / 75°F)
343,Morning (7-9 AM),Late night (1-3 AM),Evening,Evening (6-8 PM),With a workout,Evening (3-6 PM),Other,No,American,Arts/Humanities,Reading,With family,Quiet,Never,Not very tidy,Comfortable,Moderate (20-24°C / 68-75°F)
344,Late morning (9-11 AM),Early night (9-11 PM),Morning,Night (8-10 PM),With breakfast,Late morning (9-11 AM),Vegetarian,Yes,Asian,Education,Traveling,With friends,Quiet,Often,Moderately tidy,Uncomfortable,Moderate (20-24°C / 68-75°F)
345,Morning (7-9 AM),Night (11 PM - 1 AM),Evening,Morning (7-9 AM),With a workout,Morning (7-9 AM),Vegetarian,Yes,Italian,Medicine/Health,Reading,Alone,Lively,Often,Very tidy,Comfortable,Warm (above 24°C / 75°F)
346,Late morning (9-11 AM),Early night (9-11 PM),Both,Night (8-10 PM),With studying/reading,Evening (3-6 PM),Vegan,Yes,Other,Arts/Humanities,Reading,With family,Lively,Rarely,Moderately tidy,Neutral,Warm (above 24°C / 75°F)
347,Early morning (5-7 AM),Night (11 PM - 1 AM),Evening,Evening (6-8 PM),With studying/reading,Early morning (5-7 AM),Other,Yes,Other,Science/Technology,Music,Alone,Lively,Often,Not very tidy,Uncomfortable,Warm (above 24°C / 75°F)
348,Early morning (5-7 AM),Late night (1-3 AM),Both,Night (8-10 PM),With breakfast,Evening (3-6 PM),Vegan,Yes,Asian,Education,Sports,Alone,Quiet,Often,Untidy,Comfortable,Moderate (20-24°C / 68-75°F)
349,Afternoon (11 AM - 1 PM),Early night (9-11 PM),Both,Night (8-10 PM),With a workout,Early morning (5-7 AM),Other,No,Other,Medicine/Health,Traveling,With friends,Quiet,Often,Untidy,Neutral,Moderate (20-24°C / 68-75°F)
350,Early morning (5-7 AM),Night (11 PM - 1 AM),Morning,Night (8-10 PM),With a prayer,Afternoon (1-3 PM),Other,Yes,American,Business/Economics,Sports,In community activities,Lively,Sometimes,Not very tidy,Comfortable,Warm (above 24°C / 75°F)
351,Early morning (5-7 AM),Night (11 PM - 1 AM),Occasionally,Night (8-10 PM),With a workout,Evening (3-6 PM),Other,No,Other,Arts/Humanities,Traveling,In community activities,Quiet,Often,Not very tidy,Comfortable,Moderate (20-24°C / 68-75°F)
352,Early morning (5-7 AM),Night (11 PM - 1 AM),Morning,Evening (6-8 PM),With studying/reading,Late morning (9-11 AM),Other,Yes,American,Science/Technology,Traveling,In community activities,Lively,Often,Untidy,Uncomfortable,Warm (above 24°C / 75°F)
353,Afternoon (11 AM - 1 PM),Early night (9-11 PM),Occasionally,Morning (7-9 AM),With a prayer,Early morning (5-7 AM),Other,No,Mediterranean,Medicine/Health,Sports,In community activities,Quiet,Never,Not very tidy,Uncomfortable,Cool (below 20°C / 68°F)
354,Late morning (9-11 AM),Night (11 PM - 1 AM),Evening,Evening (6-8 PM),With a prayer,Late morning (9-11 AM),Vegetarian,No,Asian,Science/Technology,Music,In community activities,Lively,Sometimes,Not very tidy,Uncomfortable,Warm (above 24°C / 75°F)
355,Early morning (5-7 AM),Early night (9-11 PM),Morning,Night (8-10 PM),With a workout,Afternoon (1-3 PM),Other,No,Asian,Medicine/Health,Traveling,In community activities,Quiet,Often,Not very tidy,Neutral,Warm (above 24°C / 75°F)
356,Afternoon (11 AM - 1 PM),Early night (9-11 PM),Morning,Evening (6-8 PM),With a prayer,Evening (3-6 PM),Vegetarian,Yes,Asian,Education,Sports,With family,Quiet,Never,Very tidy,Uncomfortable,Cool (below 20°C / 68°F)
357,Early morning (5-7 AM),Night (11 PM - 1 AM),Evening,Night (8-10 PM),With a workout,Early morning (5-7 AM),Vegan,Yes,Mediterranean,Business/Economics,Music,In community activities,Quiet,Rarely,Very tidy,Comfortable,Cool (below 20°C / 68°F)
358,Late morning (9-11 AM),Night (11 PM - 1 AM),Occasionally,Evening (6-8 PM),With a prayer,Early morning (5-7 AM),Other,No,Other,Education,Cooking,In community activities,Quiet,Often,Not very tidy,Neutral,Cool (below 20°C / 68°F)
359,Late morning (9-11 AM),Late night (1-3 AM),Morning,Evening (6-8 PM),With breakfast,Late morning (9-11 AM),Vegetarian,Yes,Asian,Medicine/Health,Sports,In community activities,Quiet,Often,Untidy,Neutral,Cool (below 20°C / 68°F)
